,label
AAACATACAACCAC-1,D
AAACATTGAGCTAC-1,E
AAACATTGATCAGC-1,A
AAACCGTGCTTCCG-1,B
AAACCGTGTATGCG-1,G
AAACGCACTGGTAC-1,A
AAACGCTGACCAGT-1,D
AAACGCTGGTTCTT-1,D
AAACGCTGTAGCCA-1,D
AAACGCTGTTTCTG-1,H
AAACTTGAAAAACG-1,E
AAACTTGATCCAGA-1,C
AAAGAGACGAGATA-1,A
AAAGAGACGCGAGA-1,B
AAAGAGACGGACTT-1,D
AAAGAGACGGCATT-1,F
AAAGATCTGGGCAA-1,B
AAAGCAGAAGCCAT-1,D
AAAGCAGATATCGG-1,B
AAAGCCTGTATGCG-1,A
AAAGGCCTGTCTAG-1,E
AAAGTTTGATCACG-1,E
AAAGTTTGGGGTGA-1,E
AAAGTTTGTAGAGA-1,F
AAAGTTTGTAGCGT-1,B
AAATCAACAATGCC-1,E
AAATCAACACCAGT-1,C
AAATCAACCAGGAG-1,C
AAATCAACCCTATT-1,H
AAATCAACGGAAGC-1,C
AAATCAACTCGCAA-1,A
AAATCATGACCACA-1,H
AAATCCCTCCACAA-1,D
AAATCCCTGCTATG-1,E
AAATGTTGAACGAA-1,B
AAATGTTGCCACAA-1,A
AAATGTTGTGGCAT-1,B
AAATTCGAAGGTTC-1,F
AAATTCGAATCACG-1,B
AAATTCGAGCTGAT-1,B
AAATTCGAGGAGTG-1,C
AAATTCGATTCTCA-1,G
AAATTGACACGACT-1,D
AAATTGACTCGCTC-1,A
AACAAACTCATTTC-1,C
AACAAACTTTCGTT-1,C
AACAATACGACGAG-1,C
AACACGTGCAGAGG-1,A
AACACGTGGAAAGT-1,F
AACACGTGGAACCT-1,B
AACACGTGGCTACA-1,C
AACACGTGTACGAC-1,H
AACAGCACAAGAGT-1,B
AACATTGATGGGAG-1,H
AACCAGTGATACCG-1,H
AACCCAGATCGCTC-1,C
AACCGATGCTCCCA-1,A
AACCGATGGTCATG-1,E
AACCGATGTTCTAC-1,B
AACCGCCTAGCGTT-1,A
AACCGCCTCTACGA-1,B
AACCTACTGTGAGG-1,B
AACCTACTGTGTTG-1,C
AACCTTACGAGACG-1,C
AACCTTACGCGAGA-1,G
AACCTTACTAACGC-1,H
AACCTTTGGACGGA-1,C
AACCTTTGTACGCA-1,H
AACGCAACAAGTAG-1,A
AACGCATGACCCAA-1,A
AACGCATGCCTTCG-1,C
AACGCATGTACTTC-1,A
AACGCCCTCGGGAA-1,A
AACGCCCTCGTACA-1,G
AACGCCCTGCTTAG-1,E
AACGCCCTGGCATT-1,A
AACGTCGAGTATCG-1,G
AACGTGTGAAAGCA-1,C
AACGTGTGGCGGAA-1,E
AACGTGTGTCCAAG-1,F
AACGTGTGTGCTTT-1,A
AACTACCTTAGAGA-1,C
AACTCACTCAAGCT-1,B
AACTCACTTGGAGG-1,B
AACTCGGAAAGTGA-1,D
AACTCGGAAGGTCT-1,B
AACTCTTGCAGGAG-1,A
AACTGTCTCCCTTG-1,B
AACTTGCTACGCTA-1,E
AACTTGCTGGGACA-1,C
AAGAACGAGTGTTG-1,C
AAGAAGACGTAGGG-1,E
AAGACAGAAGTCTG-1,E
AAGACAGAGGATCT-1,C
AAGACAGATTACCT-1,B
AAGAGATGGGTAGG-1,E
AAGATGGAAAACAG-1,E
AAGATGGAGAACTC-1,B
AAGATGGAGATAAG-1,B
AAGATTACAACCTG-1,F
AAGATTACAGATCC-1,B
AAGATTACCCGTTC-1,B
AAGATTACCGCCTT-1,I
AAGATTACCTCAAG-1,G
AAGATTACTCCTCG-1,B
AAGCAAGAGCGAGA-1,D
AAGCAAGAGCTTAG-1,D
AAGCAAGAGGTGTT-1,G
AAGCACTGAGCAAA-1,E
AAGCACTGCATACG-1,D
AAGCACTGGTTCTT-1,E
AAGCCAACGTGTTG-1,C
AAGCCATGAACTGC-1,I
AAGCCATGACACGT-1,B
AAGCCATGCGTGAT-1,A
AAGCCATGTCTCGC-1,D
AAGCCTGACATGCA-1,A
AAGCCTGACCGAAT-1,B
AAGCGACTCCTCAC-1,H
AAGCGACTGTGTCA-1,C
AAGCGACTTACAGC-1,E
AAGCGACTTTGACG-1,H
AAGCGTACGTCTTT-1,C
AAGGCTTGCGAACT-1,D
AAGGTCACGGTTAC-1,B
AAGGTCACTGTTTC-1,E
AAGGTCACTTCCCG-1,D
AAGGTCTGACAGTC-1,C
AAGGTCTGCAGATC-1,F
AAGGTCTGGTATGC-1,B
AAGTAACTCTGAAC-1,B
AAGTAACTGAGATA-1,E
AAGTAGGATACAGC-1,G
AAGTATACCGAACT-1,A
AAGTCCGACTTGTT-1,C
AAGTCCGATAGAAG-1,C
AAGTCTCTAGTCGT-1,C
AAGTCTCTCGGAGA-1,D
AAGTGGCTTGGAGG-1,E
AAGTTCCTCATTCT-1,H
AAGTTCCTTCTTAC-1,D
AATAAGCTCGAATC-1,A
AATAAGCTCGTTGA-1,C
AATACCCTGGACGA-1,E
AATACCCTGGCATT-1,C
AATACTGAAAGGGC-1,G
AATACTGAATTGGC-1,G
AATAGGGAACCCTC-1,E
AATAGGGAGAATGA-1,D
AATCAAACTATCGG-1,D
AATCCGGAATGCTG-1,E
AATCCTACCGGTAT-1,F
AATCCTTGACGGGA-1,B
AATCCTTGGTGAGG-1,G
AATCGGTGGAACTC-1,D
AATCGGTGTGCTTT-1,C
AATCTAGAAAAGTG-1,A
AATCTAGAATCGGT-1,C
AATCTCACAGCCTA-1,B
AATCTCACTCTAGG-1,A
AATCTCTGAACAGA-1,C
AATCTCTGCTTTAC-1,G
AATGATACACCAAC-1,D
AATGATACGGTCAT-1,B
AATGCGTGACACCA-1,E
AATGCGTGGACGGA-1,I
AATGCGTGGCTATG-1,E
AATGGAGAATCGTG-1,B
AATGGAGATCCTTA-1,D
AATGGCTGACACCA-1,E
AATGGCTGCGTGAT-1,A
AATGGCTGTAAAGG-1,D
AATGGCTGTACTCT-1,D
AATGGCTGTGAAGA-1,C
AATGTAACGGTGGA-1,C
AATGTAACGTTTGG-1,D
AATGTCCTCTTCTA-1,A
AATGTTGACAGTCA-1,A
AATGTTGAGTTGAC-1,B
AATGTTGATCTACT-1,A
AATTACGAATTCCT-1,I
AATTACGACTTCTA-1,C
AATTACGAGTAGCT-1,D
AATTACGAGTGAGG-1,A
AATTACGATTGGCA-1,E
AATTCCTGCTCAGA-1,E
AATTGATGTCGCAA-1,H
AATTGTGACTTGGA-1,E
ACAAAGGAGGGTGA-1,F
ACAAATTGATTCTC-1,H
ACAAATTGCTCAGA-1,B
ACAAATTGTTGCGA-1,G
ACAACCGAGGGATG-1,G
ACAACCGAGTTACG-1,A
ACAAGAGAAGTCGT-1,B
ACAAGAGACTTATC-1,F
ACAAGAGAGTTGAC-1,E
ACAATCCTAACCGT-1,A
ACAATCCTTAGCGT-1,E
ACAATTGACTGACA-1,D
ACAATTGATGACTG-1,G
ACACAGACACCTGA-1,B
ACACAGACCATACG-1,D
ACACCAGAGGGCAA-1,D
ACACCCTGGTGTTG-1,G
ACACGAACAGTTCG-1,A
ACACGATGACGCAT-1,D
ACACGATGATGTGC-1,B
ACACGATGTCGTAG-1,D
ACACGATGTGGTCA-1,D
ACAGACACGGCATT-1,D
ACAGACACGTTGTG-1,A
ACAGCAACACCTAG-1,B
ACAGCAACCTCAAG-1,H
ACAGGTACCCCACT-1,C
ACAGGTACGCTGTA-1,D
ACAGGTACTGGTGT-1,G
ACAGTCGACCCAAA-1,D
ACAGTCGACCGATA-1,D
ACAGTGACTCACCC-1,D
ACAGTGACTCTATC-1,D
ACAGTGTGGTCACA-1,F
ACAGTGTGTTGCGA-1,B
ACATCACTCTACTT-1,B
ACATGGTGAAGCCT-1,C
ACATGGTGCAACCA-1,E
ACATGGTGCGAGTT-1,C
ACATGGTGCGTTGA-1,D
ACATTCTGGCATAC-1,A
ACATTCTGGGAACG-1,B
ACCAACGACATGCA-1,F
ACCACAGAAAGTAG-1,F
ACCACAGAGTTGGT-1,C
ACCACCTGTGTGCA-1,C
ACCACGCTACAGCT-1,C
ACCACGCTACCCAA-1,D
ACCACGCTGCGAGA-1,A
ACCACGCTGCTGTA-1,A
ACCAGCCTGACAGG-1,A
ACCAGTGAACGGTT-1,E
ACCAGTGAATACCG-1,H
ACCAGTGAGGGATG-1,C
ACCAGTGATGACTG-1,B
ACCATTACCTTCTA-1,C
ACCATTACGAGATA-1,A
ACCATTTGTCATTC-1,C
ACCCAAGAACTGTG-1,D
ACCCAAGAATTCCT-1,H
ACCCAAGAGGACAG-1,A
ACCCAAGATTCACT-1,E
ACCCACTGCGCCTT-1,B
ACCCACTGGACAGG-1,C
ACCCACTGGTTCAG-1,K
ACCCACTGTCGTAG-1,B
ACCCAGCTCAGAAA-1,A
ACCCAGCTGTTAGC-1,B
ACCCAGCTTGCTTT-1,C
ACCCGTTGATGACC-1,E
ACCCGTTGCTGCAA-1,C
ACCCGTTGCTTCTA-1,I
ACCCTCGACCTATT-1,A
ACCCTCGACGGTAT-1,E
ACCCTCGATAAGGA-1,B
ACCCTCGATCAAGC-1,H
ACCGTGCTACCAGT-1,A
ACCGTGCTGGAACG-1,E
ACCTATTGCTGAGT-1,E
ACCTATTGTGCCCT-1,H
ACCTCCGAGTCCTC-1,A
ACCTCCGATATGCG-1,A
ACCTCCGATGCTGA-1,F
ACCTCGTGAACCAC-1,D
ACCTGAGATATCGG-1,B
ACCTGGCTAAGTAG-1,G
ACCTGGCTGTCTTT-1,B
ACCTTTGACTCCCA-1,B
ACCTTTGAGGAACG-1,B
ACCTTTGAGGAAGC-1,B
ACGAACACCTTGTT-1,D
ACGAACTGGCTATG-1,H
ACGAAGCTCTCCAC-1,F
ACGAAGCTCTGAGT-1,E
ACGACCCTATCTCT-1,B
ACGACCCTGATGAA-1,F
ACGACCCTTGACAC-1,E
ACGACCCTTGACCA-1,C
ACGAGGGACAGGAG-1,I
ACGAGGGACGAACT-1,C
ACGAGGGATGTAGC-1,A
ACGAGTACCCTAAG-1,E
ACGAGTACGAATCC-1,E
ACGATCGAGGACTT-1,G
ACGATCGAGTCACA-1,B
ACGATGACAATGCC-1,A
ACGATGACTGGTCA-1,A
ACGATTCTACGGGA-1,D
ACGCAATGGTTCAG-1,G
ACGCACCTGTTAGC-1,E
ACGCCACTGAACTC-1,B
ACGCCGGAAACCAC-1,B
ACGCCGGAAAGCCT-1,C
ACGCCGGAAATGCC-1,A
ACGCCTTGCTCCCA-1,H
ACGCGGTGGCGAGA-1,C
ACGCGGTGTGTGGT-1,E
ACGCGGTGTTTGCT-1,D
ACGCTCACAGTACC-1,F
ACGCTCACCCTTGC-1,C
ACGCTGCTGTTCTT-1,G
ACGGAACTCAGATC-1,G
ACGGAACTGTCGTA-1,H
ACGGAGGACTCTTA-1,B
ACGGATTGGGAGGT-1,E
ACGGATTGGTTAGC-1,A
ACGGCTCTGAGCAG-1,A
ACGGCTCTTGCACA-1,C
ACGGTAACCGCTAA-1,D
ACGGTAACCTTCGC-1,D
ACGGTAACGGTGGA-1,F
ACGGTAACTCGCAA-1,D
ACGGTATGAGTCGT-1,B
ACGGTATGGGTATC-1,E
ACGGTATGGTTGTG-1,E
ACGGTCCTAACGGG-1,A
ACGGTCCTCGGGAA-1,A
ACGTAGACAACCAC-1,A
ACGTAGACTACAGC-1,E
ACGTCAGAAACGAA-1,A
ACGTCAGAGAGCTT-1,B
ACGTCAGAGGGATG-1,A
ACGTCCTGATAAGG-1,B
ACGTCCTGTGAACC-1,B
ACGTCGCTCCTGAA-1,G
ACGTCGCTCTATTC-1,B
ACGTCGCTTCTCAT-1,E
ACGTGATGCCATGA-1,I
ACGTGATGGGTCTA-1,C
ACGTGATGTAACCG-1,H
ACGTGATGTGACAC-1,G
ACGTGCCTCCGTAA-1,A
ACGTGCCTTCTATC-1,D
ACGTTACTTTCCAT-1,A
ACGTTGGAAAAGCA-1,F
ACGTTGGAAACCTG-1,D
ACGTTGGACCGTAA-1,B
ACGTTGGAGCCAAT-1,G
ACGTTGGATATGGC-1,E
ACGTTGGATCAGGT-1,B
ACGTTTACATCAGC-1,C
ACTAAAACCCACAA-1,D
ACTAAAACTCGACA-1,B
ACTACGGAATTTCC-1,A
ACTACGGACCTATT-1,C
ACTACGGATCGCTC-1,A
ACTACTACTAAGGA-1,C
ACTAGGTGGAACCT-1,A
ACTAGGTGGAACTC-1,A
ACTATCACCTTGGA-1,D
ACTATCACTGCCAA-1,C
ACTCAGGACTGAAC-1,C
ACTCAGGATCTATC-1,E
ACTCAGGATTCGTT-1,B
ACTCCTCTCAACTG-1,A
ACTCGCACGAAAGT-1,B
ACTCGCACTACGAC-1,B
ACTCTCCTGACACT-1,C
ACTCTCCTGCATAC-1,I
ACTCTCCTGTTTGG-1,C
ACTGAGACAACCAC-1,D
ACTGAGACCCATAG-1,H
ACTGAGACGTTGGT-1,E
ACTGCCACACACGT-1,D
ACTGCCACTCCGTC-1,G
ACTGGCCTTCAGTG-1,G
ACTGTGGACGTGTA-1,D
ACTGTGGATCTAGG-1,E
ACTGTTACCCACAA-1,B
ACTGTTACTGCAGT-1,C
ACTTAAGAACCACA-1,C
ACTTAAGACCACAA-1,D
ACTTAAGATTACTC-1,I
ACTTAGCTGCGTAT-1,H
ACTTAGCTGGGAGT-1,A
ACTTCAACAAGCAA-1,J
ACTTCAACGTAGGG-1,G
ACTTCCCTTTCCGC-1,C
ACTTCTGACATGCA-1,E
ACTTGACTCCACAA-1,E
ACTTGGGAGAAAGT-1,B
ACTTGGGAGGTTTG-1,A
ACTTGGGATGTGAC-1,B
ACTTGGGATTGACG-1,B
ACTTGTACCCGAAT-1,C
ACTTGTACCTGTCC-1,C
ACTTTGTGCGATAC-1,F
ACTTTGTGGAAAGT-1,C
ACTTTGTGGATAGA-1,B
AGAAACGAAAGTAG-1,E
AGAAAGTGCGCAAT-1,C
AGAAAGTGGGGATG-1,B
AGAACAGAAATGCC-1,G
AGAACAGACGACTA-1,E
AGAACAGAGACAAA-1,A
AGAACGCTTTGCTT-1,F
AGAAGATGTGACTG-1,A
AGAATGGAAGAAGT-1,D
AGAATTTGTAACCG-1,A
AGAATTTGTAGAGA-1,F
AGACACACTGTAGC-1,C
AGACACTGTCAAGC-1,B
AGACCTGAAGTAGA-1,B
AGACCTGACCAACA-1,A
AGACCTGAGGAAGC-1,D
AGACGTACAGAGGC-1,A
AGACGTACCCCTAC-1,E
AGACGTACCTCTTA-1,B
AGACGTACTCGTGA-1,H
AGACTGACCATCAG-1,D
AGACTGACCCTTTA-1,C
AGACTTCTCATGCA-1,E
AGAGATGACAGTCA-1,E
AGAGATGACTGAAC-1,C
AGAGATGAGGTTTG-1,B
AGAGATGATCTCGC-1,E
AGAGATGATTGTGG-1,C
AGAGCGGAGGCAAG-1,B
AGAGGTCTACAGCT-1,J
AGAGTCTGGTCGTA-1,H
AGAGTGCTCAGCTA-1,F
AGAGTGCTCGAATC-1,A
AGAGTGCTGTCATG-1,F
AGAGTGCTGTCCTC-1,D
AGAGTGCTGTGTTG-1,E
AGATATACCCGTAA-1,G
AGATATACGATGAA-1,F
AGATATACTGTTCT-1,E
AGATATTGCCTACC-1,D
AGATATTGGCCAAT-1,B
AGATCGTGTCTGGA-1,B
AGATCGTGTTTGTC-1,E
AGATCTCTATCACG-1,E
AGATTAACGTTCTT-1,H
AGATTCCTATCGTG-1,A
AGATTCCTCACTTT-1,B
AGATTCCTGACGAG-1,B
AGATTCCTGTTCAG-1,G
AGCAAAGATATGCG-1,C
AGCACAACAGTCTG-1,D
AGCACTGAGGGAGT-1,F
AGCACTGATATGCG-1,A
AGCACTGATGCTTT-1,I
AGCACTGATTGCGA-1,C
AGCATCGAAGATCC-1,A
AGCATCGAAGGGTG-1,E
AGCATCGAGCTTCC-1,B
AGCATCGAGTGAGG-1,A
AGCATCGATAACCG-1,B
AGCATGACGATGAA-1,D
AGCCAATGGGGAGT-1,H
AGCCAATGTATCTC-1,A
AGCCACCTGGATCT-1,D
AGCCGGTGCCAATG-1,A
AGCCGGTGTGTTTC-1,A
AGCCGTCTCAATCG-1,C
AGCCGTCTGAGAGC-1,A
AGCCTCACGTTCGA-1,C
AGCCTCACTGTCAG-1,B
AGCCTCTGCAGTTG-1,E
AGCCTCTGCCAATG-1,G
AGCGAACTGGATCT-1,C
AGCGAACTTACTGG-1,A
AGCGATACGGAGCA-1,C
AGCGATTGAGATCC-1,G
AGCGCCGAATCTCT-1,F
AGCGCCGACAGAGG-1,A
AGCGCTCTACCTTT-1,C
AGCGGCACCGGGAA-1,C
AGCGGCTGATGTGC-1,C
AGCGGGCTTGCCAA-1,A
AGCGTAACATGCTG-1,A
AGCGTAACTGAGAA-1,B
AGCTCGCTACTGGT-1,C
AGCTCGCTCTGCTC-1,C
AGCTGAACCATACG-1,H
AGCTGAACCTCTCG-1,A
AGCTGCCTTGGGAG-1,B
AGCTGCCTTTCATC-1,J
AGCTGCCTTTCTGT-1,A
AGCTGTGATCCAAG-1,D
AGCTTTACAAGTAG-1,C
AGCTTTACACCAAC-1,D
AGCTTTACTCTCAT-1,E
AGGAAATGAGGAGC-1,A
AGGAACCTCTTAGG-1,H
AGGAACCTTGCCTC-1,D
AGGAATGATAACGC-1,F
AGGAATGATTTGTC-1,A
AGGAGTCTGGTTTG-1,C
AGGAGTCTTGTCAG-1,C
AGGATAGACATTTC-1,A
AGGATAGAGGATTC-1,D
AGGATGCTACTAGC-1,E
AGGATGCTTTAGGC-1,G
AGGCAACTGAAGGC-1,A
AGGCAGGAGTACCA-1,D
AGGCCTCTAGTCGT-1,C
AGGCCTCTCGGAGA-1,C
AGGCCTCTCGTAAC-1,C
AGGGACGACGTTGA-1,C
AGGGACGAGTCAAC-1,G
AGGGACGAGTTGTG-1,C
AGGGACGATAGAGA-1,D
AGGGACGATGCATG-1,D
AGGGAGTGAGCCTA-1,A
AGGGCCACCATACG-1,C
AGGGCGCTAACCAC-1,B
AGGGCGCTATGGTC-1,A
AGGGTGGACAGTCA-1,E
AGGGTGGACTCAAG-1,B
AGGGTGGAGTTGCA-1,D
AGGGTTTGTTCATC-1,B
AGGTCATGAGTGTC-1,E
AGGTCATGCTTATC-1,D
AGGTCTGATTCTCA-1,B
AGGTGGGAAGAATG-1,A
AGGTGGGAAGTTCG-1,C
AGGTGTTGGTTACG-1,E
AGGTTCGAACCTCC-1,B
AGGTTCGAACGTAC-1,B
AGGTTCGAGGGTGA-1,C
AGTAAGGAGTTTGG-1,A
AGTAAGGATTCTTG-1,A
AGTAATACATCACG-1,G
AGTAATACCGAACT-1,E
AGTAATTGTCCCAC-1,A
AGTACGTGAGGGTG-1,C
AGTACGTGCTGCAA-1,A
AGTACGTGCTTGGA-1,A
AGTACTCTACGTGT-1,E
AGTACTCTCAACCA-1,D
AGTACTCTCGGTAT-1,A
AGTAGGCTTGCCTC-1,H
AGTATAACTTGTCT-1,H
AGTATCCTAGAACA-1,F
AGTCACGATGAGCT-1,G
AGTCAGACGAATAG-1,A
AGTCAGACGCTTAG-1,D
AGTCAGACTAGAGA-1,D
AGTCAGACTGCACA-1,A
AGTCCAGATATCTC-1,F
AGTCCAGATTTCAC-1,A
AGTCGAACCAACCA-1,C
AGTCGCCTCCGTAA-1,A
AGTCTACTAGGGTG-1,B
AGTCTACTTGCATG-1,H
AGTCTTACACCACA-1,C
AGTCTTACTTCGCC-1,D
AGTCTTACTTCGGA-1,K
AGTGACTGCAACTG-1,H
AGTGTTCTAACCTG-1,A
AGTGTTCTATAAGG-1,F
AGTGTTCTCACTTT-1,B
AGTTAAACCACTTT-1,A
AGTTATGAACAGTC-1,B
AGTTATGACTGAGT-1,A
AGTTATGAGTTCAG-1,A
AGTTCTACCAGCTA-1,B
AGTTCTTGAAGCCT-1,D
AGTTGTCTACTACG-1,C
AGTTTAGATGGTCA-1,F
AGTTTCACGGTCTA-1,D
AGTTTGCTACAGTC-1,F
AGTTTGCTACTGGT-1,G
AGTTTGCTCCAAGT-1,C
ATAAACACAGTGCT-1,E
ATAAACACCACCAA-1,C
ATAACAACATGCTG-1,B
ATAACAACGTCTAG-1,F
ATAACAACTTTGTC-1,C
ATAACATGTACTCT-1,A
ATAACCCTGTTGGT-1,F
ATAACCCTTGGTAC-1,A
ATAAGTACGAATGA-1,E
ATAAGTTGGTACGT-1,H
ATAAGTTGTCTAGG-1,A
ATAATCGAGCTGAT-1,E
ATAATCGATGGTTG-1,C
ATAATGACCTACTT-1,A
ATAATGACTCGTGA-1,B
ATACAATGTTAGGC-1,C
ATACCACTCGTACA-1,B
ATACCACTCTAAGC-1,I
ATACCACTGCCAAT-1,G
ATACCGGAATGCTG-1,I
ATACCGGACATTTC-1,B
ATACCGGACTTCGC-1,A
ATACCGGAGGTGTT-1,B
ATACCGGATCTCGC-1,F
ATACCTACGCATCA-1,A
ATACCTTGGGGCAA-1,C
ATACGGACAGACTC-1,B
ATACGGACCTACTT-1,B
ATACGGACGAGGTG-1,E
ATACGGACTATGCG-1,E
ATACGGACTCTGGA-1,B
ATACGTCTTAACGC-1,B
ATACTCTGCTTCGC-1,B
ATACTCTGGTATGC-1,G
ATAGATACCATGGT-1,A
ATAGATACGACGAG-1,C
ATAGATTGGTGTAC-1,E
ATAGCCGAACGGAG-1,C
ATAGCGTGCAGATC-1,A
ATAGCGTGCCCTTG-1,B
ATAGCGTGGTATCG-1,B
ATAGCGTGTCTCTA-1,A
ATAGCTCTCTGATG-1,C
ATAGCTCTGAGGTG-1,C
ATAGGAGAAACAGA-1,B
ATAGGCTGTCAGAC-1,C
ATAGTCCTAGTGTC-1,B
ATAGTCCTTGCATG-1,D
ATAGTCCTTGTCGA-1,C
ATAGTTGACAACTG-1,C
ATAGTTGACCCTCA-1,H
ATAGTTGAGACGTT-1,F
ATAGTTGATAAGCC-1,F
ATATACGAAGCCAT-1,C
ATATACGAATTGGC-1,A
ATATAGTGGAATGA-1,B
ATATGCCTAGATCC-1,B
ATATGCCTGGACAG-1,C
ATATGCCTTCTCTA-1,C
ATATGCCTTGGTAC-1,C
ATCAAATGAGCCTA-1,B
ATCAAATGGGTAAA-1,H
ATCAACCTAAACGA-1,A
ATCAACCTGAGGAC-1,C
ATCAACCTTCTCTA-1,D
ATCAACCTTTGTCT-1,D
ATCACACTTTGTCT-1,C
ATCACGGATTGCTT-1,B
ATCACGGATTTCGT-1,E
ATCATCTGACACCA-1,K
ATCATGCTAGAGTA-1,D
ATCATGCTGAACCT-1,E
ATCCAGGACGCTAA-1,H
ATCCAGGATGGAAA-1,A
ATCCATACTCCTTA-1,B
ATCCATACTTCATC-1,H
ATCCCGTGCAGTCA-1,G
ATCCCGTGCATGCA-1,E
ATCCCGTGGCTGAT-1,E
ATCCGCACGCATCA-1,E
ATCCTAACGACGGA-1,E
ATCCTAACGCTACA-1,A
ATCGACGAAACTGC-1,B
ATCGACGAATGACC-1,C
ATCGAGTGGACGTT-1,D
ATCGCAGAATCTCT-1,H
ATCGCAGAGTGTCA-1,E
ATCGCCACTGAGGG-1,D
ATCGCCTGGGTCAT-1,A
ATCGCCTGTGGCAT-1,E
ATCGCGCTCAGAGG-1,B
ATCGCGCTGGGATG-1,A
ATCGCGCTTTTCGT-1,E
ATCGGAACCAGTCA-1,A
ATCGGTGAGTCAAC-1,C
ATCGGTGATTGCAG-1,A
ATCGTTTGCCTACC-1,B
ATCGTTTGGGTACT-1,B
ATCGTTTGTGCCAA-1,B
ATCTACACCCGCTT-1,B
ATCTACACCGGGAA-1,A
ATCTCAACAGGAGC-1,E
ATCTCAACCTCGAA-1,F
ATCTCAACCTTGTT-1,B
ATCTGGGAAACCAC-1,B
ATCTGGGAAGTGTC-1,B
ATCTGGGATTCCGC-1,D
ATCTGTTGAACGGG-1,A
ATCTGTTGACCTCC-1,A
ATCTGTTGCCTTCG-1,B
ATCTGTTGGTTGCA-1,A
ATCTTGACACCAAC-1,A
ATCTTGACCTCCCA-1,B
ATCTTTCTGCATCA-1,D
ATCTTTCTGTTTCT-1,D
ATCTTTCTTGTCCC-1,G
ATGAAACTCTGTGA-1,D
ATGAAACTGAGGCA-1,C
ATGAAGGAACAGCT-1,D
ATGAAGGACCTGTC-1,E
ATGAAGGACCTTAT-1,E
ATGAAGGACTAGTG-1,E
ATGAAGGACTTGCC-1,G
ATGACGTGACGACT-1,E
ATGACGTGATCGGT-1,H
ATGAGAGAAAGTGA-1,A
ATGAGAGAACGCAT-1,C
ATGAGAGAAGTAGA-1,E
ATGAGCACACAGCT-1,C
ATGAGCACATCTTC-1,C
ATGATAACTTCACT-1,G
ATGATATGAAACAG-1,A
ATGATATGACTGGT-1,C
ATGATATGAGCACT-1,C
ATGATATGGTCATG-1,C
ATGATATGGTGCTA-1,G
ATGATATGTTGTCT-1,B
ATGCACGAATGTCG-1,E
ATGCACGACTGTAG-1,A
ATGCACGAGAACCT-1,E
ATGCACGAGTTCGA-1,C
ATGCACGATTGGTG-1,B
ATGCAGTGTTACCT-1,E
ATGCAGTGTTCTAC-1,A
ATGCCAGAACGACT-1,C
ATGCCAGACAGTCA-1,B
ATGCCGCTTGAACC-1,B
ATGCGATGCTATGG-1,B
ATGCGATGCTGAGT-1,C
ATGCGATGGTTACG-1,E
ATGCGCCTTCATTC-1,C
ATGCTTTGCGAATC-1,A
ATGCTTTGGGCGAA-1,D
ATGCTTTGTAGTCG-1,E
ATGGACACATCGGT-1,A
ATGGACACGCATCA-1,G
ATGGGTACAACCTG-1,E
ATGGGTACATCGGT-1,G
ATGGGTACTATTCC-1,A
ATGGGTACTGGGAG-1,A
ATGTAAACACCTCC-1,C
ATGTAAACCCGCTT-1,A
ATGTAAACGGGATG-1,I
ATGTAAACTCTCCG-1,D
ATGTAAACTTCACT-1,B
ATGTACCTCAGTCA-1,F
ATGTACCTTAGTCG-1,A
ATGTACCTTTATCC-1,B
ATGTACCTTTCACT-1,D
ATGTCACTAATGCC-1,B
ATGTCACTCTGCTC-1,F
ATGTCGGAGGTGAG-1,A
ATGTTCACAGTCTG-1,B
ATGTTCACCGTAGT-1,A
ATGTTGCTTTCAGG-1,A
ATTAACGATGAGAA-1,G
ATTAACGATGCAAC-1,D
ATTAAGACTGCAGT-1,A
ATTACCTGCCTTAT-1,B
ATTACCTGGAGGAC-1,H
ATTACCTGGGCATT-1,E
ATTAGATGTTTCAC-1,C
ATTATGGAATCTCT-1,A
ATTCAAGAACGGGA-1,C
ATTCAAGACCTTTA-1,A
ATTCAGCTCATTGG-1,K
ATTCCAACCATTGG-1,B
ATTCCAACTTAGGC-1,G
ATTCGACTCACTAG-1,A
ATTCGACTGAATAG-1,B
ATTCGACTTTTGTC-1,H
ATTCGGGAAAGGCG-1,B
ATTCGGGATTAGGC-1,A
ATTCTTCTGATACC-1,D
ATTGAATGGACGGA-1,A
ATTGATGAAGGTTC-1,C
ATTGATGACTGAGT-1,A
ATTGATGAGCGAAG-1,A
ATTGATGATCTATC-1,C
ATTGCACTGACGGA-1,C
ATTGCACTGAGAGC-1,H
ATTGCACTGGAGCA-1,B
ATTGCACTTAGCCA-1,A
ATTGCACTTGCTTT-1,H
ATTGCTTGTTACTC-1,E
ATTGGTCTGACTAC-1,E
ATTGGTCTTGTCTT-1,E
ATTGTAGATTCCCG-1,I
ATTGTAGATTGCAG-1,A
ATTGTCTGCGTACA-1,A
ATTTAGGAACCATG-1,H
ATTTAGGACAGAGG-1,A
ATTTCCGAGATGAA-1,F
ATTTCCGAGTGCTA-1,A
ATTTCGTGTATGGC-1,D
ATTTCTCTACTTTC-1,H
ATTTCTCTAGCAAA-1,A
ATTTCTCTCACTTT-1,B
ATTTCTCTTCCCAC-1,F
ATTTGCACAAGATG-1,B
CAAAGCACAGCTCA-1,A
CAAAGCACCGTAAC-1,E
CAAAGCACGGTAAA-1,D
CAAAGCTGAAAGTG-1,D
CAAAGCTGTTGCTT-1,B
CAAATATGTGACAC-1,C
CAAATTGAGGGCAA-1,A
CAAATTGATGGAGG-1,B
CAACCAGAAAAGTG-1,C
CAACCAGAAGTGCT-1,A
CAACCAGAGTTCAG-1,B
CAACCAGATAGAAG-1,B
CAACCGCTGTTCAG-1,C
CAACCGCTTTGAGC-1,A
CAACGATGCGCAAT-1,H
CAACGTGACTCCAC-1,B
CAACGTGAGCCATA-1,D
CAACGTGATCAAGC-1,B
CAAGAAGACCACAA-1,D
CAAGAAGACGTCTC-1,B
CAAGAAGATTCTAC-1,C
CAAGACTGACCTGA-1,E
CAAGACTGAGTAGA-1,E
CAAGCTGACCATAG-1,H
CAAGCTGATCTATC-1,D
CAAGGACTGTTCAG-1,C
CAAGGACTTCTTTG-1,D
CAAGGTTGCTCCAC-1,A
CAAGGTTGTCATTC-1,E
CAAGGTTGTCTGGA-1,G
CAAGTCGAAACAGA-1,E
CAAGTCGATAGCGT-1,B
CAATAAACGCCATA-1,B
CAATAATGAACTGC-1,B
CAATATGACATGGT-1,A
CAATATGACCTTCG-1,D
CAATATGACGTTAG-1,C
CAATATGAGGAGCA-1,A
CAATCGGAGAAACA-1,A
CAATCTACTGACTG-1,G
CAATTCACCCAACA-1,D
CAATTCACGATAGA-1,A
CAATTCACTTGTGG-1,F
CAATTCTGCTTGTT-1,B
CAATTCTGGCGTAT-1,H
CACAACGATACGAC-1,C
CACAATCTTGTTCT-1,A
CACAATCTTTCCAT-1,D
CACACCTGCTTGAG-1,C
CACACCTGTATGGC-1,F
CACAGAACCCTTGC-1,E
CACAGAACCTGATG-1,A
CACAGATGGGATTC-1,D
CACAGATGGTTTCT-1,B
CACAGCCTGATACC-1,D
CACAGCCTTGCCAA-1,H
CACAGCCTTGTAGC-1,A
CACAGTGATGAAGA-1,B
CACATACTACAGCT-1,D
CACATGGAACACGT-1,C
CACATGGAAGTCGT-1,C
CACCACTGCCAACA-1,C
CACCACTGGCGAAG-1,G
CACCCATGTTCTGT-1,F
CACCGGGAATCGAC-1,A
CACCGGGACGAGAG-1,D
CACCGGGACGTGTA-1,C
CACCGGGACTTCTA-1,J
CACCGGGACTTGCC-1,D
CACCGGGATTCGGA-1,D
CACCGTACTAAGGA-1,E
CACCGTACTAGCGT-1,C
CACCTGACACCCAA-1,D
CACCTGACCAGAAA-1,F
CACCTGACCTCAAG-1,D
CACCTGACGAAAGT-1,E
CACCTGACTCGTAG-1,A
CACGAAACTTCCGC-1,E
CACGACCTCGATAC-1,E
CACGCTACAGAAGT-1,F
CACGCTACTGTTCT-1,E
CACGCTACTTGACG-1,B
CACGGGACAGAGTA-1,C
CACGGGACATAAGG-1,F
CACGGGACGTAGGG-1,A
CACGGGTGCTTCGC-1,D
CACGGGTGGAGGAC-1,G
CACGGGTGTGTTTC-1,C
CACTAACTCCTAAG-1,E
CACTAACTGAAAGT-1,C
CACTAGGATGATGC-1,E
CACTATACCCCGTT-1,E
CACTATACGTTTGG-1,D
CACTGAGACAGTCA-1,B
CACTGCACTTCATC-1,A
CACTGCTGAGACTC-1,H
CACTGCTGGAAAGT-1,A
CACTTAACCGAATC-1,A
CACTTAACCGTACA-1,E
CACTTTGACTCTAT-1,D
CACTTTGAGCTGTA-1,D
CAGAAGCTCTCAAG-1,C
CAGACATGAACGGG-1,C
CAGACATGTCGACA-1,A
CAGACCCTAAGGTA-1,H
CAGACCCTAATGCC-1,A
CAGACCCTAGGAGC-1,C
CAGACTGAGTATGC-1,C
CAGATCGAATGTCG-1,E
CAGATCGACCTGAA-1,D
CAGATCGATATGGC-1,C
CAGATGACATTCTC-1,G
CAGCAATGCCTTCG-1,C
CAGCAATGGAGGGT-1,G
CAGCAATGGTGCTA-1,C
CAGCAATGTCTACT-1,B
CAGCAATGTGACCA-1,A
CAGCAATGTGAGGG-1,B
CAGCACCTAAGCCT-1,F
CAGCACCTAGGCGA-1,C
CAGCACCTGTAGGG-1,B
CAGCATGACAACCA-1,B
CAGCATGAGACGTT-1,D
CAGCCTACCCAACA-1,A
CAGCCTTGCTACCC-1,B
CAGCCTTGGGGACA-1,A
CAGCGGACACCCTC-1,C
CAGCGGACCTTTAC-1,G
CAGCGTCTAAAGCA-1,A
CAGCGTCTTATCGG-1,A
CAGCTAGATGTGAC-1,B
CAGCTCTGAGGCGA-1,A
CAGCTCTGCAAGCT-1,D
CAGCTCTGTCGTAG-1,B
CAGCTCTGTGTGGT-1,G
CAGGAACTAACTGC-1,D
CAGGAACTCTCAGA-1,B
CAGGCCGAACACCA-1,A
CAGGCCGAACACGT-1,A
CAGGCCGAACGACT-1,A
CAGGCCGAATCTCT-1,H
CAGGCCGACTAGCA-1,E
CAGGGCACCATACG-1,E
CAGGGCACCCAACA-1,C
CAGGGCACTCCCGT-1,A
CAGGTAACAGACTC-1,B
CAGGTATGAGTCGT-1,C
CAGGTATGTGCTTT-1,A
CAGGTTGAGGATCT-1,E
CAGTGATGGACGGA-1,E
CAGTGATGGCTAAC-1,D
CAGTGATGGGACAG-1,A
CAGTGATGTAAGGA-1,E
CAGTGATGTACGCA-1,F
CAGTGTGAACACGT-1,F
CAGTGTGATGTCAG-1,F
CAGTTACTAAGGTA-1,E
CAGTTACTGATAGA-1,A
CAGTTGGAAAGAGT-1,B
CAGTTGGACATACG-1,C
CAGTTTACACACGT-1,D
CAGTTTACCCCAAA-1,C
CATAAAACGGAGCA-1,B
CATAAATGAACTGC-1,C
CATAACCTTCTCCG-1,A
CATACTACCTCGAA-1,C
CATACTACCTGAAC-1,C
CATACTACGTACCA-1,B
CATACTTGGGTTAC-1,H
CATAGTCTAATCGC-1,A
CATAGTCTCACTTT-1,A
CATATAGACTAAGC-1,I
CATATAGATCAGGT-1,E
CATCAACTAGAAGT-1,A
CATCAACTCCCTCA-1,A
CATCAGGACTTCCG-1,G
CATCAGGATAGCCA-1,G
CATCAGGATCCTAT-1,H
CATCAGGATGCACA-1,B
CATCAGGATTTCGT-1,B
CATCATACCGCATA-1,B
CATCATACGGAGCA-1,E
CATCATACTCAAGC-1,C
CATCGCTGGGATCT-1,A
CATCGCTGTGGCAT-1,E
CATCGGCTATGCTG-1,C
CATCGGCTTTGGCA-1,A
CATCTCCTATGTGC-1,E
CATCTCCTCGAACT-1,B
CATGAGACACGGGA-1,E
CATGAGACGTTGAC-1,G
CATGAGACTCGCCT-1,C
CATGCCACGGGTGA-1,D
CATGCCACTGCCAA-1,A
CATGCGCTAGTCAC-1,H
CATGCGCTCAGATC-1,B
CATGCGCTTTGCAG-1,H
CATGGCCTAGGGTG-1,B
CATGGCCTGTGCAT-1,C
CATGTACTATCGTG-1,D
CATGTTACAGTCGT-1,D
CATGTTACCTGAGT-1,F
CATGTTTGGGGATG-1,B
CATTACACACGGAG-1,E
CATTACACCAACTG-1,G
CATTACACGGAGTG-1,C
CATTACACTACTCT-1,C
CATTAGCTCCACAA-1,B
CATTGACTAGCGGA-1,B
CATTGGGACTCGAA-1,A
CATTGTACAGCGTT-1,C
CATTGTACTCGATG-1,E
CATTGTACTTATCC-1,F
CATTGTACTTTGCT-1,H
CATTGTTGCTAGTG-1,C
CATTTCGACTCTAT-1,D
CATTTCGAGATACC-1,G
CATTTGACCACACA-1,D
CATTTGACCCTGAA-1,D
CATTTGTGACGACT-1,E
CATTTGTGCATTGG-1,F
CATTTGTGCGGAGA-1,C
CATTTGTGGGATCT-1,E
CCAAAGTGCTACGA-1,B
CCAAAGTGTGAGAA-1,B
CCAACCTGAAGTAG-1,D
CCAACCTGACGTAC-1,B
CCAACCTGTTCGCC-1,B
CCAAGAACCCAATG-1,A
CCAAGAACGTAGCT-1,A
CCAAGAACGTGTCA-1,A
CCAAGAACTACTGG-1,D
CCAAGAACTCCTAT-1,E
CCAAGATGTCATTC-1,C
CCAAGATGTTTCAC-1,A
CCAAGTGAGGAACG-1,C
CCAAGTGATCAAGC-1,A
CCAATGGAACAGCT-1,B
CCAATTTGAACGTC-1,B
CCACCATGAACGTC-1,F
CCACCATGATCGGT-1,C
CCACCATGGACGAG-1,H
CCACCATGGGGAGT-1,C
CCACCATGTCCTGC-1,D
CCACTGACCCGCTT-1,B
CCACTGTGGGAAGC-1,B
CCACTGTGTGTAGC-1,F
CCACTTCTCGGGAA-1,B
CCAGAAACCCTGTC-1,E
CCAGAAACGAACTC-1,A
CCAGAAACGGTCTA-1,C
CCAGACCTCTGAGT-1,B
CCAGACCTTGTGGT-1,F
CCAGCACTGCGATT-1,H
CCAGCGGAAAGGCG-1,B
CCAGCGGACGACTA-1,B
CCAGCGGATGGGAG-1,A
CCAGCTACACAGTC-1,C
CCAGCTACCAGCTA-1,E
CCAGGTCTACACCA-1,E
CCAGGTCTAGCATC-1,B
CCAGGTCTATGGTC-1,A
CCAGTCACACTGGT-1,B
CCAGTCACACTGTG-1,E
CCAGTCACGTTGTG-1,C
CCAGTCTGCGGAGA-1,J
CCAGTGCTAACCAC-1,A
CCAGTGCTCGTAGT-1,F
CCATCCGAAAGCAA-1,D
CCATCCGAACGACT-1,D
CCATCCGAAGGTTC-1,E
CCATCCGATTCGCC-1,B
CCATCGTGAACGGG-1,A
CCATCGTGCTAGAC-1,H
CCCAACACCTCGCT-1,E
CCCAACACGCATCA-1,C
CCCAACACTTTGTC-1,B
CCCAACTGCAATCG-1,B
CCCAGACTGCCTTC-1,B
CCCAGACTGGTTTG-1,E
CCCAGACTTTCGCC-1,H
CCCAGTTGCAGTTG-1,B
CCCAGTTGGGTACT-1,A
CCCAGTTGTCTATC-1,E
CCCGATTGTGTTTC-1,A
CCCGGAGAAGGGTG-1,B
CCCTACGAATTGGC-1,B
CCCTAGTGCAAAGA-1,A
CCCTCAGACACTTT-1,E
CCCTCAGACGAGAG-1,A
CCCTCAGAGGTCAT-1,C
CCCTGAACTAAAGG-1,E
CCCTGATGCAACCA-1,F
CCCTGATGCAAGCT-1,E
CCCTTACTAACCAC-1,B
CCCTTACTGCAGTT-1,D
CCGAAAACCTTGTT-1,H
CCGACACTGGTTTG-1,A
CCGACTACCCAGTA-1,B
CCGACTACCGTGTA-1,C
CCGACTACTGAGGG-1,D
CCGATAGACCTAAG-1,C
CCGATAGAGTTGGT-1,B
CCGCGAGACACACA-1,B
CCGCGAGAGGTTCA-1,D
CCGCTATGGGACGA-1,E
CCGCTATGTGCAAC-1,B
CCGCTATGTGCACA-1,B
CCGGTACTGTCCTC-1,C
CCGTACACAAGCAA-1,A
CCGTACACAGCGTT-1,E
CCGTACACGTCATG-1,D
CCGTACACGTTGGT-1,B
CCGTACACTAACGC-1,D
CCTAAACTTTCGTT-1,C
CCTAAGGACCCAAA-1,C
CCTAAGGACTAGCA-1,B
CCTAAGGAGGGCAA-1,D
CCTAAGGATGATGC-1,C
CCTAAGGATGTCAG-1,C
CCTACCGACTCTTA-1,C
CCTACCGAGGGATG-1,E
CCTAGAGAGGTGAG-1,E
CCTATAACCAAAGA-1,C
CCTATAACGAGACG-1,B
CCTATAACTCAGAC-1,C
CCTATAACTGCATG-1,H
CCTCGAACACTTTC-1,G
CCTCGAACCCGTAA-1,B
CCTCGAACGTATCG-1,A
CCTCGAACTTACTC-1,A
CCTCTACTCTTCGC-1,B
CCTCTACTGGCATT-1,C
CCTGACTGAAGTAG-1,D
CCTGACTGGGGAGT-1,C
CCTGACTGTGTCTT-1,E
CCTGCAACACGTTG-1,B
CCTGGACTCGTGAT-1,A
CCTTAATGCCCAAA-1,E
CCTTAATGTTCTAC-1,H
CCTTCACTACGACT-1,C
CCTTCACTCAGTCA-1,E
CCTTCACTGGAGTG-1,B
CCTTTAGATTCATC-1,B
CGAACATGCCCTAC-1,B
CGAACATGTCAGAC-1,A
CGAAGACTGGAACG-1,D
CGAAGACTGTTACG-1,A
CGAAGGGAAACCTG-1,D
CGAAGGGATCCGAA-1,E
CGAAGTACCAACTG-1,E
CGAATCGAGGAGCA-1,B
CGAATCGAGGAGGT-1,C
CGACAAACCCATAG-1,F
CGACAAACCGACAT-1,E
CGACCACTAAAGTG-1,G
CGACCACTGCCAAT-1,G
CGACCGGAAGGTCT-1,C
CGACCGGATGGAAA-1,A
CGACCTTGCTAGTG-1,A
CGACCTTGGCAAGG-1,F
CGACGTCTATCGTG-1,D
CGACGTCTCGTGTA-1,A
CGACGTCTGAGGCA-1,F
CGACTCACGTCGTA-1,C
CGACTCACGTTGCA-1,F
CGACTCTGTGTGAC-1,A
CGACTGCTTCCTCG-1,B
CGAGAACTAAGGCG-1,D
CGAGAACTACGTTG-1,C
CGAGAACTTGTTCT-1,B
CGAGATTGGACACT-1,D
CGAGATTGGCCATA-1,F
CGAGCCGAACACCA-1,A
CGAGCCGACGACAT-1,D
CGAGCCGAGGCGAA-1,D
CGAGCGTGCTCCAC-1,D
CGAGCGTGGATACC-1,A
CGAGCGTGTATGCG-1,B
CGAGGAGACCTCCA-1,E
CGAGGAGATGTCGA-1,C
CGAGGCACCTATGG-1,D
CGAGGCACTATGCG-1,B
CGAGGCACTCTTCA-1,D
CGAGGCTGACGCTA-1,G
CGAGGCTGGCAGTT-1,B
CGAGGGCTACGACT-1,E
CGAGGGCTCGAATC-1,C
CGAGTATGTCACCC-1,H
CGATACGAACAGTC-1,B
CGATACGACAGGAG-1,J
CGATACGATTCACT-1,E
CGATAGACCCGTAA-1,B
CGATAGACCGTACA-1,A
CGATAGACGTAGGG-1,B
CGATAGACTGTTCT-1,A
CGATCAGAAGAACA-1,D
CGATCAGAGAGGGT-1,A
CGATCAGAGGTACT-1,A
CGATCAGATGTGAC-1,I
CGATCCACCGGGAA-1,D
CGATCCACTTCCAT-1,E
CGCAAATGCTCGAA-1,F
CGCAACCTCCTTGC-1,A
CGCAACCTGGACGA-1,F
CGCACGGAGGACGA-1,E
CGCACGGATCTTTG-1,C
CGCACTACAGAATG-1,F
CGCACTACAGCCAT-1,A
CGCACTACATTGGC-1,C
CGCACTACTCGCCT-1,E
CGCACTACTCGTGA-1,D
CGCACTTGTCACGA-1,B
CGCAGGACAGATCC-1,D
CGCAGGACCTACTT-1,C
CGCAGGACTTGTCT-1,H
CGCAGGTGCACTGA-1,A
CGCAGGTGCCATAG-1,H
CGCAGGTGGGAACG-1,A
CGCATAGATCACGA-1,B
CGCCATACTGCAAC-1,A
CGCCATTGAGAGGC-1,C
CGCCATTGCTATGG-1,A
CGCCATTGGAGACG-1,A
CGCCATTGGAGCAG-1,E
CGCCATTGTACTGG-1,E
CGCCGAGAGCTTAG-1,G
CGCCTAACGAATGA-1,I
CGCCTAACTGCTCC-1,A
CGCGAGACACAGCT-1,D
CGCGAGACAGGTCT-1,E
CGCGAGACGCTACA-1,D
CGCGATCTCAGTCA-1,B
CGCGATCTGTTGAC-1,B
CGCGATCTTTCTTG-1,E
CGCGGATGGCCAAT-1,A
CGCTAAGAATGTCG-1,A
CGCTAAGACAACTG-1,C
CGCTAAGACCCTTG-1,A
CGCTACTGAACAGA-1,B
CGCTACTGAGAACA-1,A
CGCTACTGTGAGCT-1,C
CGCTACTGTTCCCG-1,D
CGCTCATGCATTTC-1,B
CGGAATTGCACTAG-1,F
CGGAATTGGTTTGG-1,A
CGGAATTGTGGAGG-1,A
CGGACCGATGCGTA-1,D
CGGACCGATGGGAG-1,C
CGGACTCTAAACAG-1,E
CGGACTCTCCAATG-1,A
CGGACTCTCCTCGT-1,D
CGGAGGCTATTCCT-1,F
CGGAGGCTTGGATC-1,F
CGGATAACAACGAA-1,B
CGGATAACAGCTCA-1,A
CGGATAACTCAGTG-1,B
CGGCACGAACTCAG-1,D
CGGCACGAAGGGTG-1,C
CGGCACGACTACGA-1,H
CGGCATCTTAGAAG-1,D
CGGCATCTTCGTAG-1,B
CGGCCAGAAAGGTA-1,C
CGGCCAGAGAGGCA-1,D
CGGCGAACCAGTCA-1,B
CGGCGAACGACAAA-1,G
CGGCGAACGGTCTA-1,A
CGGCGAACTACTTC-1,G
CGGGACTGCGTGTA-1,C
CGGGACTGGAATAG-1,D
CGGGCATGACCCAA-1,D
CGGGCATGTCTCTA-1,G
CGGGCATGTTGTGG-1,C
CGGTAAACTCGCAA-1,D
CGGTCACTGTTTGG-1,A
CGGTCACTTACTTC-1,A
CGTAACGAATCAGC-1,F
CGTAACGATCGCCT-1,A
CGTACCACACACAC-1,A
CGTACCACACGTTG-1,C
CGTACCACCTCATT-1,C
CGTACCACGCTACA-1,D
CGTACCACGGAGCA-1,C
CGTACCTGGACGAG-1,B
CGTACCTGGCATCA-1,G
CGTAGCCTCTCTCG-1,B
CGTAGCCTGCGAAG-1,A
CGTAGCCTGTATGC-1,B
CGTCAAGAAAGGTA-1,B
CGTCAAGAACGTGT-1,C
CGTCAAGACAGAGG-1,A
CGTCAAGACAGGAG-1,D
CGTCCATGCTCTTA-1,A
CGTCGACTTTCCGC-1,D
CGTGATGACGCTAA-1,C
CGTGATGAGGTTCA-1,D
CGTGCACTTATGGC-1,B
CGTGTAGAAAAACG-1,A
CGTGTAGACGATAC-1,G
CGTGTAGAGTTACG-1,G
CGTGTAGAGTTCAG-1,B
CGTGTAGATTCGGA-1,G
CGTTAGGAAACCAC-1,C
CGTTAGGATCATTC-1,B
CGTTATACCCTGAA-1,D
CGTTTAACTGGTCA-1,A
CTAAACCTCTGACA-1,G
CTAAACCTGTGCAT-1,E
CTAACACTAACGTC-1,A
CTAACACTAGTGCT-1,B
CTAACGGAACCGAT-1,G
CTAACGGATTTCTG-1,C
CTAACTACGGCAAG-1,D
CTAAGGACACCATG-1,C
CTAAGGACCGTTAG-1,A
CTAAGGACGCCATA-1,B
CTAAGGTGCCTAAG-1,E
CTAAGGTGTTGCAG-1,A
CTAAGGTGTTTCTG-1,F
CTAATAGAGCTATG-1,F
CTAATGCTTGTGGT-1,B
CTACAACTCCCGTT-1,D
CTACCTCTCAACCA-1,A
CTACGCACACCTAG-1,H
CTACGCACTCTCCG-1,A
CTACGCACTGGTCA-1,D
CTACGGCTTTCTTG-1,B
CTACTATGAACCAC-1,B
CTACTATGATGTGC-1,B
CTACTATGCTAAGC-1,D
CTACTATGTAAAGG-1,E
CTACTCCTATGTCG-1,G
CTACTCCTGCCATA-1,B
CTAGAGACACTTTC-1,A
CTAGAGACAGCATC-1,D
CTAGAGACTTTGGG-1,H
CTAGATCTCTCTAT-1,A
CTAGATCTTCGACA-1,A
CTAGGATGAGCCTA-1,I
CTAGGATGATCGTG-1,E
CTAGGCCTCTCAGA-1,A
CTAGGTGATGGTTG-1,H
CTAGTTACCAGAGG-1,A
CTAGTTACCGCATA-1,C
CTAGTTACGAAACA-1,G
CTAGTTTGAGTACC-1,D
CTATAAGATCGTTT-1,E
CTATACTGAGGTTC-1,B
CTATACTGCCAGTA-1,C
CTATACTGCGCTAA-1,B
CTATACTGCTACGA-1,G
CTATACTGTCTCAT-1,G
CTATACTGTTCGTT-1,I
CTATAGCTGTCACA-1,C
CTATAGCTTCGCTC-1,B
CTATAGCTTGCCTC-1,B
CTATCAACGAACTC-1,C
CTATCAACGCAGAG-1,A
CTATCAACTTTGGG-1,C
CTATCCCTCCACCT-1,B
CTATGTACGAGAGC-1,A
CTATGTACGCTTAG-1,A
CTATGTACTGTTTC-1,E
CTATGTTGAAAGCA-1,A
CTATGTTGTCCTCG-1,F
CTATGTTGTCTCGC-1,A
CTATTGACAAACGA-1,B
CTATTGACACTGGT-1,B
CTATTGACGGTGAG-1,H
CTATTGTGGCAAGG-1,F
CTCAATTGGTTCAG-1,A
CTCAATTGGTTGCA-1,B
CTCAGAGATAGAAG-1,C
CTCAGCACTCTAGG-1,A
CTCAGCACTGAACC-1,B
CTCAGCACTTGCAG-1,F
CTCAGCTGAACCTG-1,B
CTCAGCTGCAGTTG-1,D
CTCAGCTGTTTCTG-1,F
CTCAGGCTCGTTGA-1,H
CTCAGGCTGCTAAC-1,A
CTCATTGACCTTAT-1,A
CTCATTGATGCTTT-1,B
CTCATTGATTGCTT-1,B
CTCCACGAGAGATA-1,I
CTCCATCTCTTAGG-1,C
CTCCATCTGACGAG-1,A
CTCCGAACAAGTGA-1,H
CTCCTACTGCCTTC-1,B
CTCGAAGATGTGGT-1,C
CTCGAAGATTAGGC-1,B
CTCGACTGCTCTAT-1,C
CTCGACTGGGTGAG-1,F
CTCGACTGGTTGAC-1,G
CTCGAGCTCTGGAT-1,D
CTCGCATGACTTTC-1,A
CTCGCATGCTTAGG-1,A
CTCTAAACCTCGAA-1,C
CTCTAAACGGCGAA-1,C
CTCTAATGTCCAAG-1,B
CTGAACGACAGTCA-1,A
CTGAACGATGAGGG-1,A
CTGAAGACCCAACA-1,A
CTGAAGACGTGCAT-1,E
CTGAAGTGAAGCCT-1,H
CTGAAGTGCAGCTA-1,E
CTGAAGTGGCTATG-1,C
CTGAAGTGTCCAGA-1,A
CTGAATCTGAATAG-1,A
CTGACAGAATCGTG-1,D
CTGACCACAGCAAA-1,C
CTGAGAACCGGGAA-1,A
CTGAGAACGTAAAG-1,G
CTGATACTAGTAGA-1,C
CTGATTTGGTGTTG-1,B
CTGCAGCTAACCGT-1,C
CTGCAGCTGACACT-1,F
CTGCAGCTGGATTC-1,B
CTGCAGCTTGGCAT-1,D
CTGCCAACAGGAGC-1,D
CTGCCAACCAGCTA-1,C
CTGCCAACTAACCG-1,B
CTGCCAACTGCTCC-1,D
CTGCCAACTTGCAG-1,C
CTGCCAACTTGCTT-1,D
CTGCGACTCCACCT-1,D
CTGGAAACAAACGA-1,D
CTGGAAACATCGAC-1,A
CTGGATGACTGGAT-1,D
CTGGATGACTTGTT-1,A
CTGGATGATGTGAC-1,E
CTGGCACTCAAGCT-1,B
CTGGCACTGGACAG-1,D
CTGTAACTAACCAC-1,A
CTGTAACTAGCGTT-1,C
CTGTATACGTAAAG-1,D
CTGTATACGTACGT-1,B
CTGTATACGTTGGT-1,A
CTGTGAGACAACCA-1,H
CTGTGAGACCTTGC-1,D
CTGTGAGACGAACT-1,B
CTGTGAGACTGTAG-1,B
CTTAAAGAACCTGA-1,C
CTTAACACCTGTAG-1,A
CTTAACACGAGCTT-1,A
CTTAACACTATCGG-1,E
CTTAAGCTACCTAG-1,C
CTTAAGCTAGTACC-1,D
CTTAAGCTCATCAG-1,C
CTTAAGCTCCGCTT-1,E
CTTAAGCTTCCTCG-1,D
CTTACAACTAACGC-1,C
CTTACAACTCCCGT-1,B
CTTACTGACGTACA-1,C
CTTAGACTAAACGA-1,A
CTTAGGGACTTGCC-1,A
CTTAGGGAGAATCC-1,C
CTTATCGACTCATT-1,A
CTTCACCTACCTGA-1,H
CTTCATGAAGCATC-1,E
CTTCATGAAGTACC-1,C
CTTCATGACCGAAT-1,D
CTTGAACTACGCAT-1,F
CTTGATTGAGGTTC-1,D
CTTGATTGATCTTC-1,B
CTTGATTGCATTCT-1,A
CTTGATTGTTTCGT-1,A
CTTGTATGACACCA-1,E
CTTGTATGCGCAAT-1,E
CTTTACGAGCGAAG-1,C
CTTTAGACCGTGAT-1,F
CTTTAGACGAGACG-1,C
CTTTAGACGATACC-1,C
CTTTAGACGTTGGT-1,D
CTTTAGACTCATTC-1,D
CTTTAGTGACGGGA-1,G
CTTTAGTGGGTGGA-1,C
CTTTCAGAGAAACA-1,A
CTTTGATGAGCACT-1,A
CTTTGATGTCTAGG-1,D
CTTTGATGTGTCCC-1,A
CTTTGATGTGTGGT-1,C
GAAACAGAACTACG-1,A
GAAACAGAATCACG-1,A
GAAACAGACATTCT-1,C
GAAACCTGATCGTG-1,C
GAAACCTGATGCCA-1,A
GAAACCTGCTTATC-1,A
GAAACCTGGACTAC-1,H
GAAACCTGTGCTAG-1,A
GAAAGATGATTTCC-1,A
GAAAGATGCTGATG-1,H
GAAAGATGCTTCGC-1,B
GAAAGATGTAAGGA-1,F
GAAAGATGTTTGCT-1,D
GAAAGCCTACGTTG-1,E
GAAAGTGAAAGTGA-1,I
GAAAGTGACCACAA-1,B
GAAAGTGACTCAAG-1,A
GAAATACTACCAAC-1,B
GAAATACTCTTAGG-1,E
GAAATACTTCCTCG-1,A
GAACACACGTGCAT-1,B
GAACACACTGCCTC-1,C
GAACAGCTAACTGC-1,B
GAACAGCTCTCAGA-1,H
GAACCAACCACAAC-1,D
GAACCAACTTCCGC-1,G
GAACCTGAACGTGT-1,D
GAACCTGAGAGACG-1,A
GAACCTGATGAACC-1,A
GAACGGGATACTTC-1,C
GAACGTTGACGGAG-1,D
GAACTGTGACCTGA-1,H
GAACTGTGCCAGTA-1,B
GAAGAATGCAATCG-1,C
GAAGCGGACCTATT-1,B
GAAGCTACGAATGA-1,B
GAAGCTACGGTTTG-1,A
GAAGGGTGAAAGTG-1,C
GAAGGGTGCTTAGG-1,B
GAAGGTCTGAAAGT-1,A
GAAGGTCTGTTGCA-1,C
GAAGGTCTTAAAGG-1,I
GAAGTAGACTCCCA-1,D
GAAGTAGATCCAAG-1,H
GAAGTCACCCTCGT-1,B
GAAGTCACCCTGTC-1,E
GAAGTCTGTCGCAA-1,E
GAAGTCTGTTCTGT-1,C
GAAGTGCTAAACGA-1,G
GAAGTGCTCCGCTT-1,B
GAAGTGCTTAACCG-1,A
GAATGCACCCTAAG-1,A
GAATGCACCTTCGC-1,G
GAATGCTGCGGTAT-1,C
GAATGGCTAAGATG-1,F
GAATTAACGATAAG-1,C
GAATTAACGGTCAT-1,A
GAATTAACGTCGTA-1,G
GAATTAACTGAAGA-1,E
GACAACACAGGCGA-1,F
GACAACACATCGTG-1,C
GACAACACTCGCCT-1,C
GACAACTGAGGTTC-1,A
GACAGGGAAGAGTA-1,E
GACAGGGAATGCCA-1,A
GACAGTACGAGCTT-1,H
GACAGTACTTCGGA-1,H
GACAGTTGAGTAGA-1,E
GACATTCTCCACCT-1,I
GACCAAACGACTAC-1,B
GACCAAACGTATCG-1,B
GACCATGACTCTCG-1,B
GACCCTACTAAAGG-1,E
GACCTAGACCTCAC-1,D
GACCTAGACGAGAG-1,A
GACCTCACAAGGTA-1,C
GACCTCACGTACGT-1,B
GACCTCTGCATCAG-1,C
GACGAACTCCCACT-1,C
GACGATTGCCAATG-1,E
GACGCCGACCTTCG-1,A
GACGCTCTCTCTCG-1,K
GACGGCACACGGGA-1,G
GACGGCACGAGATA-1,B
GACGTAACCTATGG-1,A
GACGTAACCTGTGA-1,A
GACGTAACTATGGC-1,A
GACGTATGTTGACG-1,C
GACGTATGTTTGCT-1,C
GACGTCCTACGGAG-1,A
GACGTCCTCTCAAG-1,B
GACGTCCTGATAAG-1,E
GACTACGATGGTCA-1,E
GACTCCTGCTCGCT-1,C
GACTCCTGGGTTAC-1,C
GACTCCTGTTATCC-1,A
GACTCCTGTTGGTG-1,B
GACTGAACAACCGT-1,E
GACTGAACCAATCG-1,B
GACTGATGTGATGC-1,C
GACTTTACATGCCA-1,C
GACTTTACGACAGG-1,E
GAGAAATGTTCTCA-1,E
GAGATAGAAAAAGC-1,B
GAGATCACGACAAA-1,H
GAGATGCTCTGGAT-1,D
GAGATGCTGAATGA-1,A
GAGCAGGATTCCCG-1,D
GAGCATACTTTGCT-1,H
GAGCGCACGCGTAT-1,B
GAGCGCACGGTGAG-1,D
GAGCGCTGAAGATG-1,G
GAGCGCTGTCTTAC-1,B
GAGCGGCTGGGAGT-1,E
GAGGACGACTCAGA-1,D
GAGGATCTGAAAGT-1,E
GAGGCAGACTTGCC-1,D
GAGGGAACACCAGT-1,A
GAGGGAACGAGGGT-1,A
GAGGGATGGGAAAT-1,A
GAGGGCCTTCACCC-1,A
GAGGGTGAAGAGTA-1,C
GAGGTACTACGGTT-1,F
GAGGTACTACTCAG-1,B
GAGGTACTGACACT-1,G
GAGGTACTGGGAGT-1,A
GAGGTACTTAGCGT-1,B
GAGGTGGAGTACGT-1,C
GAGGTGGATCCTCG-1,G
GAGGTTACTCGTTT-1,B
GAGGTTTGTAAGCC-1,B
GAGTCAACCATTCT-1,F
GAGTCAACGGGAGT-1,F
GAGTCTGATCGTGA-1,A
GAGTCTGATTTGGG-1,E
GAGTGACTCAGCTA-1,A
GAGTGACTCGGTAT-1,D
GAGTGACTCTTGCC-1,E
GAGTGACTGACTAC-1,E
GAGTGACTGTCTAG-1,C
GAGTGGGAGTCTTT-1,E
GAGTGGGATGCCCT-1,F
GAGTGGGATGCTGA-1,E
GAGTGTTGCTGTAG-1,A
GAGTGTTGTGGTCA-1,C
GAGTTGTGCATGGT-1,B
GAGTTGTGCTGAGT-1,D
GAGTTGTGGCGAGA-1,B
GAGTTGTGGTAGCT-1,K
GAGTTGTGTATGCG-1,H
GATAAGGAGAAACA-1,B
GATAAGGATTCACT-1,B
GATACTCTATCGGT-1,C
GATACTCTTACTTC-1,C
GATACTCTTGACTG-1,B
GATAGAGAAGGGTG-1,D
GATAGAGACTGTGA-1,A
GATAGAGATCACGA-1,B
GATAGCACCCATAG-1,A
GATAGCACGAAGGC-1,B
GATAGCACTTGTCT-1,C
GATATAACAAGGTA-1,A
GATATAACACGCAT-1,C
GATATATGCTGGAT-1,C
GATATATGTCCGTC-1,D
GATATATGTGGAGG-1,B
GATATCCTAGAAGT-1,C
GATATCCTCCCGTT-1,B
GATATTGACAGGAG-1,D
GATATTGACGAGTT-1,H
GATATTGAGCCAAT-1,C
GATCCCTGACCTTT-1,G
GATCCCTGTGTAGC-1,D
GATCCGCTGGTCAT-1,B
GATCGAACCGAGAG-1,D
GATCGATGACTAGC-1,E
GATCGATGGTAAAG-1,E
GATCGATGTAAGGA-1,B
GATCGTGACACTAG-1,C
GATCGTGATTCACT-1,A
GATCTACTGGTGAG-1,A
GATCTACTTTGCAG-1,E
GATCTTACACCCAA-1,H
GATCTTACCCTACC-1,A
GATCTTACGAATAG-1,B
GATCTTACGAGATA-1,B
GATGCAACTCCAGA-1,A
GATGCCCTACGTAC-1,A
GATGCCCTCTCATT-1,C
GATGCCCTGGCAAG-1,B
GATGCCCTTTTGCT-1,A
GATTACCTTGTTCT-1,C
GATTCGGAACGACT-1,F
GATTCGGACAGGAG-1,B
GATTCGGAGAAGGC-1,H
GATTCTTGATTCGG-1,B
GATTCTTGCCGATA-1,C
GATTCTTGCGAGTT-1,E
GATTGGACCCGTTC-1,E
GATTGGACGGTGTT-1,E
GATTGGACTTTCGT-1,E
GATTGGTGTGTCAG-1,A
GATTTAGACACTCC-1,H
GATTTAGACTAAGC-1,E
GATTTAGATTCGTT-1,B
GATTTGCTAACGAA-1,C
GATTTGCTAACGGG-1,B
GCAACCCTCCTCGT-1,B
GCAACTGATTGCGA-1,C
GCAAGACTACTGGT-1,A
GCAAGACTAGGTCT-1,A
GCAAGACTCCCTTG-1,C
GCAATCGACTGCAA-1,D
GCAATCGAGACGTT-1,B
GCAATCGATCCTTA-1,B
GCAATTCTCGTGTA-1,A
GCAATTCTTCTCCG-1,A
GCACAAACAATGCC-1,D
GCACAAACGGTACT-1,A
GCACAATGGTGCAT-1,B
GCACACCTGTGCTA-1,G
GCACCACTCATGAC-1,B
GCACCACTGTTTGG-1,B
GCACCACTTCCTTA-1,G
GCACCACTTTCGGA-1,B
GCACCTACGCGATT-1,A
GCACCTTGGCTGTA-1,F
GCACCTTGGGGAGT-1,B
GCACGGACCAGCTA-1,A
GCACGGTGACCTCC-1,C
GCACGGTGCTATGG-1,B
GCACTAGAACGGGA-1,A
GCACTAGAAGATGA-1,E
GCACTAGACCTTTA-1,H
GCACTAGACGTAAC-1,E
GCACTAGAGTCGTA-1,G
GCACTAGATGCAAC-1,A
GCACTGCTGAGGCA-1,D
GCAGATACAGCGTT-1,D
GCAGATACGACGGA-1,C
GCAGATACGCAGAG-1,A
GCAGCCGACAGTCA-1,C
GCAGCGTGCACTCC-1,C
GCAGCTCTCAATCG-1,C
GCAGCTCTGTTTCT-1,A
GCAGGGCTAAGAAC-1,F
GCAGGGCTAAGGGC-1,C
GCAGGGCTATCGAC-1,G
GCAGGGCTTGGGAG-1,D
GCAGTCCTAACTGC-1,C
GCAGTCCTCTCTTA-1,C
GCATCAGATGCGTA-1,D
GCATGTGACAAGCT-1,C
GCATTGGAGAAGGC-1,A
GCCAAAACGAGGCA-1,D
GCCAAATGATCGAC-1,A
GCCAACCTACGGTT-1,C
GCCAACCTCGCCTT-1,C
GCCACGGAGGCGAA-1,B
GCCACGGATACTGG-1,F
GCCACTACCTACTT-1,E
GCCACTACGTCTTT-1,C
GCCCAACTACCGAT-1,C
GCCCAACTATGGTC-1,D
GCCCATACAGCGTT-1,J
GCCGACGAACTCTT-1,B
GCCGAGTGCGTTGA-1,A
GCCGGAACGAACTC-1,D
GCCGGAACGTTCTT-1,G
GCCGGAACTGCACA-1,G
GCCGGAACTTACTC-1,A
GCCGTACTACCTGA-1,F
GCCGTACTGGCAAG-1,B
GCCTACACAGTTCG-1,G
GCCTACACCACTGA-1,H
GCCTACACCTTGAG-1,C
GCCTAGCTACGGAG-1,E
GCCTAGCTCTATTC-1,A
GCCTAGCTTCTCAT-1,C
GCCTAGCTTCTCTA-1,H
GCCTCAACCATGGT-1,C
GCCTCAACTCTTTG-1,J
GCCTCATGTCTTAC-1,D
GCCTGACTCTCAAG-1,B
GCGAAGGAACTCTT-1,D
GCGAAGGAGAGCTT-1,J
GCGAAGGATGCCAA-1,C
GCGAGAGAGGGACA-1,A
GCGAGCACTGTCGA-1,E
GCGAGCACTTGACG-1,C
GCGAGCACTTGCTT-1,B
GCGATATGGTACGT-1,A
GCGATATGGTGTTG-1,C
GCGCACGAAGTCGT-1,F
GCGCACGACTTTAC-1,B
GCGCATCTAGGTCT-1,C
GCGCATCTGGTTAC-1,I
GCGCATCTTCGATG-1,C
GCGCATCTTGCTCC-1,G
GCGCATCTTTCTAC-1,C
GCGCGAACGTTCTT-1,E
GCGCGATGAACGGG-1,F
GCGCGATGGTGCAT-1,G
GCGGAGCTCCTGAA-1,C
GCGGCAACCCGATA-1,A
GCGGCAACGGAGGT-1,E
GCGGCAACTGTCGA-1,B
GCGTAAACACGGTT-1,I
GCGTAATGCACCAA-1,H
GCGTATGAACACCA-1,A
GCGTATGATGAGAA-1,B
GCTACAGAAAGGTA-1,C
GCTACAGAATCTTC-1,E
GCTACAGATCTTAC-1,A
GCTACCTGAGAAGT-1,B
GCTACCTGATCACG-1,C
GCTACGCTAGAATG-1,C
GCTACGCTAGCTAC-1,D
GCTACGCTCCCTAC-1,A
GCTAGAACAGAGGC-1,E
GCTAGAACGGATCT-1,A
GCTAGAACTCCCGT-1,F
GCTAGATGAGCTCA-1,B
GCTAGATGGCGATT-1,D
GCTATACTAAGGCG-1,A
GCTATACTAGCGTT-1,D
GCTATACTCTCTTA-1,C
GCTATACTGGACGA-1,A
GCTCAAGAACCATG-1,H
GCTCAAGAAGTCAC-1,B
GCTCAGCTGTCTAG-1,F
GCTCCATGAGAAGT-1,D
GCTCCATGCCGAAT-1,C
GCTCGACTCTAGTG-1,B
GCTGATGAGGTATC-1,B
GCTTAACTACAGTC-1,B
GCTTAACTACTGGT-1,D
GCTTAACTGCTGAT-1,C
GCTTAACTTAGACC-1,B
GCTTAACTTCAGTG-1,A
GGAACACTCACTTT-1,B
GGAACACTTCAGAC-1,K
GGAACTACTACTTC-1,A
GGAACTTGAAGGTA-1,B
GGAACTTGAGAATG-1,D
GGAACTTGCTCCAC-1,B
GGAACTTGGGTAGG-1,E
GGAAGGACATCGGT-1,B
GGAAGGACCACTAG-1,A
GGAAGGACGAGGGT-1,A
GGAAGGACGCGAAG-1,D
GGAAGGTGGCGAGA-1,G
GGAATCTGAAGGGC-1,A
GGAATCTGAGGAGC-1,A
GGAATCTGCTTAGG-1,E
GGAATCTGCTTGTT-1,B
GGAATCTGGGAGGT-1,C
GGAATGCTTTCTAC-1,C
GGACAGGAAAGGGC-1,D
GGACAGGAGTGCTA-1,E
GGACAGGATCTCGC-1,A
GGACCCGAAGCTAC-1,B
GGACCGTGCTTACT-1,B
GGACCGTGGGAACG-1,I
GGACCGTGTAACGC-1,A
GGACCTCTGTAAGA-1,B
GGACCTCTTTTCTG-1,D
GGACGAGAGTGTCA-1,B
GGACGCTGACGCAT-1,D
GGACGCTGCTAGCA-1,C
GGACGCTGTCCTCG-1,G
GGAGAGACGTGAGG-1,A
GGAGCAGATTCAGG-1,E
GGAGCCACCTTCTA-1,E
GGAGCGCTACGCAT-1,B
GGAGCGCTCCGAAT-1,A
GGAGGATGCCACCT-1,F
GGAGGATGGTTGAC-1,B
GGAGGATGTCAGTG-1,B
GGAGGCCTCGTTGA-1,G
GGAGGCCTTTCTTG-1,C
GGAGGTGATACGCA-1,A
GGAGGTGATCGCTC-1,A
GGATACTGCAGCTA-1,A
GGATACTGTCTAGG-1,A
GGATAGCTCGTCTC-1,A
GGATAGCTCTGAAC-1,D
GGATGTACCAAAGA-1,E
GGATGTACGCGAAG-1,F
GGATGTACGTCTTT-1,B
GGATGTACGTGTCA-1,D
GGATTTCTAGGTTC-1,A
GGATTTCTTTGTCT-1,B
GGCAAGGAAAAAGC-1,G
GGCAAGGAAGAAGT-1,C
GGCAAGGACTTGGA-1,B
GGCAAGGAGGACTT-1,A
GGCAATACGCTAAC-1,E
GGCAATACGGCATT-1,D
GGCAATACGTTTCT-1,E
GGCACGTGGCTTAG-1,H
GGCACGTGTGAGAA-1,J
GGCACTCTTTTGTC-1,A
GGCATATGCTTATC-1,G
GGCATATGGGGAGT-1,K
GGCATATGTGTGAC-1,J
GGCCACGACAGAGG-1,F
GGCCAGACTGGTTG-1,A
GGCCCAGAAAGTAG-1,B
GGCCGAACAACGAA-1,C
GGCCGAACGCAGAG-1,F
GGCCGAACGTAGGG-1,C
GGCCGAACTCTAGG-1,G
GGCCGATGCAGGAG-1,A
GGCCGATGCCGAAT-1,A
GGCCGATGTACTCT-1,D
GGCGACACTGCCCT-1,D
GGCGACTGCGTAAC-1,A
GGCGCATGCCTAAG-1,H
GGCGCATGCTCCAC-1,A
GGCGCATGTGGAAA-1,C
GGCGGACTAGAGGC-1,A
GGCGGACTAGGAGC-1,D
GGCGGACTCTGACA-1,C
GGCGGACTCTTGGA-1,D
GGCGGACTTACTGG-1,C
GGCGGACTTGAACC-1,A
GGCTAAACACCTGA-1,G
GGCTAAACTCTTAC-1,C
GGCTAATGAGCACT-1,D
GGCTAATGGTCTAG-1,C
GGCTCACTACTCAG-1,B
GGGAACGAAGCTCA-1,H
GGGAACGACACAAC-1,E
GGGAACGAGTGTCA-1,B
GGGAAGTGTTGAGC-1,B
GGGACCACACGTTG-1,D
GGGACCACAGAACA-1,C
GGGACCACGAATAG-1,A
GGGACCACGTCATG-1,F
GGGACCACTCAAGC-1,C
GGGACCACTCGTGA-1,C
GGGACCACTGCATG-1,C
GGGACCTGACCCTC-1,B
GGGACCTGCTTGCC-1,C
GGGACCTGTGGAGG-1,E
GGGATGGACGACAT-1,E
GGGATGGATACTTC-1,A
GGGATGGATGGTTG-1,B
GGGATTACGTCTAG-1,A
GGGCAAGATGCATG-1,B
GGGCACACGGTGAG-1,H
GGGCACACGTTGCA-1,A
GGGCAGCTTGGGAG-1,D
GGGCAGCTTTTCTG-1,C
GGGCCAACCTTGGA-1,I
GGGCCAACGCGTTA-1,E
GGGCCAACTACGCA-1,B
GGGCCAACTCCAAG-1,E
GGGCCATGATGGTC-1,A
GGGCCATGTTGACG-1,A
GGGTAACTCAGCTA-1,C
GGGTAACTCTAGTG-1,E
GGGTAACTCTGGAT-1,F
GGGTTAACGTGCAT-1,G
GGTAAAGAGCTAAC-1,D
GGTACAACTGCAAC-1,A
GGTACATGAAAGCA-1,E
GGTACATGAGCTCA-1,A
GGTACATGCGGTAT-1,F
GGTACATGGTTACG-1,F
GGTACATGTGGGAG-1,A
GGTACTGAACTCTT-1,B
GGTAGTACACCACA-1,D
GGTAGTACACTAGC-1,B
GGTAGTACCCTGTC-1,C
GGTAGTACGCCATA-1,B
GGTAGTACTGTCTT-1,D
GGTATCGAGACAAA-1,B
GGTATCGATGAACC-1,E
GGTCAAACCAAAGA-1,A
GGTCTAGAGAAACA-1,B
GGTCTAGATAGCGT-1,B
GGTGATACCGACTA-1,E
GGTGATACGACTAC-1,B
GGTGATACTGTTTC-1,C
GGTGGAGAAACGGG-1,G
GGTGGAGAAGTAGA-1,F
GGTGGAGACAGATC-1,G
GGTGGAGATCGATG-1,A
GGTGGAGATCTCTA-1,B
GGTGGAGATTACTC-1,D
GGTTTACTACGCAT-1,D
GTAACGTGACCTCC-1,B
GTAACGTGATCGGT-1,E
GTAACGTGCAGCTA-1,E
GTAACGTGGTTGAC-1,E
GTAAGCACAACGGG-1,C
GTAAGCACTCATTC-1,E
GTAAGCTGGTACCA-1,B
GTAATAACCTTCTA-1,B
GTAATAACGTTGTG-1,C
GTACCCTGACAGTC-1,H
GTACCCTGGAGCTT-1,C
GTACCCTGTCCTTA-1,D
GTACCCTGTGAACC-1,A
GTACGTGAACGTTG-1,D
GTACTTTGTCGACA-1,D
GTAGACTGAGATGA-1,B
GTAGACTGTATTCC-1,C
GTAGCAACAGTCGT-1,B
GTAGCAACCATTTC-1,E
GTAGCAACGGTAGG-1,B
GTAGCATGCACTCC-1,E
GTAGCATGTAAGCC-1,B
GTAGCCCTGACGTT-1,C
GTAGCTGAAGCTAC-1,H
GTAGCTGAATTCGG-1,C
GTAGGTACACGGGA-1,B
GTAGTGACCTCATT-1,C
GTAGTGTGAGCGGA-1,G
GTAGTGTGAGGCGA-1,B
GTAGTGTGTGGTTG-1,F
GTATCACTGGTAGG-1,B
GTATCTACAGAAGT-1,D
GTATCTACGACGAG-1,D
GTATCTACGTTACG-1,A
GTATTAGAAACAGA-1,J
GTATTAGAGGTCTA-1,F
GTATTCACACAGCT-1,C
GTATTCACGGGTGA-1,D
GTCAACGACACTGA-1,A
GTCAACGAGTGTAC-1,B
GTCAACGATCAGGT-1,F
GTCAATCTACACCA-1,D
GTCAATCTGTAGCT-1,D
GTCAATCTTGTGGT-1,C
GTCACCTGCCTCCA-1,C
GTCACCTGTCCCGT-1,C
GTCATACTAATCGC-1,E
GTCATACTGCGATT-1,D
GTCATACTTCGCCT-1,K
GTCATACTTTACCT-1,D
GTCATACTTTGACG-1,C
GTCCAAGAAAAACG-1,C
GTCCACTGACCTCC-1,C
GTCCACTGGGTACT-1,H
GTCCAGCTACGGGA-1,C
GTCCCATGTGGTGT-1,B
GTCGAATGAAGGCG-1,B
GTCGACCTGAATGA-1,G
GTCGACCTGTTCAG-1,F
GTCGCACTTGAGAA-1,E
GTCTAACTGGTCTA-1,H
GTCTAGGAGCTTCC-1,B
GTGAACACACTCTT-1,F
GTGAACACAGATCC-1,D
GTGAACACTCAGGT-1,A
GTGACCCTTAAGCC-1,D
GTGATGACAAGTGA-1,J
GTGATGACCTGAGT-1,E
GTGATGACGGTTTG-1,D
GTGATTCTCATTTC-1,A
GTGATTCTCTCTCG-1,B
GTGATTCTGGTTCA-1,G
GTGATTCTGTCGAT-1,C
GTGATTCTTAGCGT-1,E
GTGCCACTCAGGAG-1,F
GTGGATTGCACTAG-1,H
GTGGATTGCGGAGA-1,A
GTGGATTGTAACGC-1,C
GTGTACGATCAGTG-1,C
GTGTAGTGGGTACT-1,A
GTGTATCTAGCCTA-1,E
GTGTATCTAGTAGA-1,D
GTGTATCTGTTACG-1,E
GTGTCAGAAGCGTT-1,D
GTGTCAGAATGCTG-1,F
GTTAAAACCGAGAG-1,G
GTTAAAACTTCGCC-1,D
GTTAAATGCTCGAA-1,D
GTTAAATGTCGACA-1,E
GTTAACCTAGCTAC-1,A
GTTAACCTTGCTTT-1,I
GTTAGGTGCACTCC-1,F
GTTAGGTGCCAGTA-1,B
GTTAGGTGCCCAAA-1,H
GTTAGGTGGAACTC-1,E
GTTAGTCTAAGAAC-1,D
GTTATAGAGGACAG-1,C
GTTATGCTTTCATC-1,C
GTTCAACTGGGACA-1,G
GTTCAACTTATGCG-1,F
GTTGACGAGCCCTT-1,D
GTTGACGATATCGG-1,G
GTTGAGTGGTCTTT-1,B
GTTGAGTGTGCTTT-1,A
GTTGATCTGGGACA-1,F
GTTGATCTTTTCAC-1,D
GTTGGATGTTTACC-1,H
GTTGTACTATTCCT-1,B
GTTGTACTTTTGGG-1,C
GTTTAAGACCATGA-1,B
GTTTAAGACTGTCC-1,D
TAAACAACCAACCA-1,A
TAAACAACGAATCC-1,E
TAAAGACTCAGGAG-1,A
TAAATCGATGAGGG-1,A
TAACAATGTGCCCT-1,E
TAACACCTTCGCTC-1,B
TAACACCTTCGTAG-1,B
TAACACCTTGTTTC-1,K
TAACATGACACTAG-1,E
TAACCGGACTTACT-1,F
TAACGTCTCAACCA-1,B
TAACGTCTCATTGG-1,A
TAACTAGAATTTCC-1,A
TAACTAGACTTAGG-1,A
TAACTAGATCTGGA-1,C
TAACTCACGAGGAC-1,B
TAACTCACGTACAC-1,E
TAACTCACGTATCG-1,B
TAACTCACTCTACT-1,G
TAAGAACTGTGTCA-1,B
TAAGAGGACTAAGC-1,E
TAAGAGGACTTGTT-1,G
TAAGATACCCACAA-1,F
TAAGATACGGTTCA-1,B
TAAGATTGCGTAGT-1,C
TAAGATTGTTGCTT-1,A
TAAGCGTGAGGTTC-1,B
TAAGCGTGGACAAA-1,B
TAAGCGTGGGAAAT-1,C
TAAGCGTGTGCTCC-1,H
TAAGGCTGCCATGA-1,D
TAAGGCTGCTGCTC-1,C
TAAGGCTGTCTCGC-1,B
TAAGGGCTGCTGTA-1,A
TAAGGGCTTTACTC-1,A
TAAGTAACCGAGAG-1,E
TAAGTAACCTCCAC-1,E
TAAGTAACCTGTAG-1,A
TAAGTAACTTGTCT-1,F
TAATGATGAGCGGA-1,C
TAATGCCTCATGAC-1,A
TAATGCCTCGTCTC-1,G
TAATGTGAAGATGA-1,C
TAATGTGACTGCAA-1,B
TAATGTGATTACTC-1,D
TACAAATGGGTACT-1,A
TACAATGAAAACAG-1,B
TACAATGACTTAGG-1,F
TACAATGATGCTAG-1,D
TACACACTCACACA-1,C
TACACACTCTTACT-1,A
TACATAGAACGCAT-1,D
TACATCACACGGGA-1,F
TACATCACCTGTTT-1,H
TACATCACGCTAAC-1,E
TACATCACTGAACC-1,H
TACCATTGAGGTTC-1,C
TACCATTGCGGGAA-1,B
TACCATTGGGGATG-1,B
TACCATTGTGAGGG-1,B
TACCGGCTGTTGGT-1,C
TACGAGTGATCTCT-1,A
TACGAGTGATGCTG-1,B
TACGAGTGCGGAGA-1,A
TACGAGTGGTTGGT-1,A
TACGATCTAGTGTC-1,C
TACGATCTCACTGA-1,B
TACGATCTTACGAC-1,D
TACGCAGACGTCTC-1,F
TACGCAGAGAATCC-1,G
TACGCCACATTCCT-1,A
TACGCCACTCCCAC-1,H
TACGCCACTCCGAA-1,E
TACGCGCTCTTCTA-1,D
TACGGAACGCGTTA-1,E
TACGGCCTGGGACA-1,G
TACGGCCTGTCCTC-1,F
TACGTACTACGGAG-1,J
TACGTACTCAGTTG-1,A
TACGTACTCCCGTT-1,E
TACGTTACAGAAGT-1,A
TACGTTACCAAGCT-1,B
TACTAAGAAAGGTA-1,E
TACTAAGAATCACG-1,F
TACTAAGATGATGC-1,B
TACTAAGATTGCGA-1,C
TACTACACGAGAGC-1,A
TACTACACTTACCT-1,E
TACTACTGAACCTG-1,B
TACTACTGATGTCG-1,D
TACTACTGATTCTC-1,C
TACTACTGTATGGC-1,C
TACTCAACGGTCTA-1,B
TACTCAACTGCTAG-1,E
TACTCCCTCAGTTG-1,A
TACTCTGAATCGAC-1,G
TACTCTGACGAGTT-1,A
TACTCTGATTGACG-1,E
TACTGGGATCGATG-1,A
TACTGTTGAAAGCA-1,C
TACTGTTGAGGCGA-1,G
TACTGTTGCTGAAC-1,I
TACTTGACTCCTCG-1,D
TACTTGACTGGTGT-1,E
TACTTTCTTTTGGG-1,D
TAGAAACTAATCGC-1,F
TAGAAACTGCTTCC-1,B
TAGAAACTGGGATG-1,D
TAGAATTGCGACAT-1,F
TAGAATTGTATCGG-1,C
TAGACGTGCTTGAG-1,F
TAGACGTGTCGCTC-1,C
TAGAGCACCTTACT-1,E
TAGATTGACTTGTT-1,E
TAGATTGAGGCATT-1,D
TAGCATCTCAGCTA-1,G
TAGCATCTCCCTCA-1,D
TAGCATCTGCTGTA-1,H
TAGCATCTGGGACA-1,C
TAGCATCTTGTCGA-1,C
TAGCCCACAAAAGC-1,A
TAGCCCACAGCCAT-1,D
TAGCCCACAGCTAC-1,G
TAGCCCACCCACAA-1,C
TAGCCCTGCGGAGA-1,D
TAGCCGCTTACGAC-1,A
TAGCCGCTTACTTC-1,D
TAGCCGCTTTCCAT-1,B
TAGCTACTGAATAG-1,E
TAGCTACTGTAGCT-1,A
TAGCTACTTTTGCT-1,D
TAGGACTGTGCTGA-1,A
TAGGAGCTAAGGCG-1,E
TAGGAGCTGAGGGT-1,A
TAGGAGCTTGCATG-1,E
TAGGCAACCGTCTC-1,E
TAGGCATGCTCTCG-1,I
TAGGCATGGCGAGA-1,D
TAGGCTGATGCCTC-1,B
TAGGGACTGAACTC-1,G
TAGGTCGACACTGA-1,C
TAGGTCGAGGATCT-1,E
TAGGTGACACACTG-1,A
TAGGTGACACGTTG-1,E
TAGGTGTGTTCTGT-1,A
TAGGTTCTGAAGGC-1,A
TAGGTTCTTCTTAC-1,H
TAGGTTCTTGCTGA-1,B
TAGTAAACCTCGCT-1,C
TAGTAAACGTCACA-1,A
TAGTAATGAGATCC-1,C
TAGTACCTAAGAAC-1,B
TAGTATGATCTTAC-1,E
TAGTATGATTCTCA-1,A
TAGTCTTGGCTGTA-1,F
TAGTCTTGGGACTT-1,D
TAGTCTTGTGGAAA-1,D
TAGTGGTGAAGTGA-1,G
TAGTTAGAACCACA-1,G
TAGTTAGATGAACC-1,F
TATAAGACAACAGA-1,F
TATAAGACAGCTCA-1,H
TATAAGTGACACCA-1,H
TATAAGTGTATCGG-1,B
TATAAGTGTGGTGT-1,H
TATACAGAACCCTC-1,D
TATACAGAAGAACA-1,C
TATACAGATCCAGA-1,A
TATACCACCTGATG-1,E
TATACGCTACCAAC-1,A
TATAGATGGACGGA-1,A
TATAGATGTTCCGC-1,H
TATCACTGACTGTG-1,B
TATCCAACCAGCTA-1,B
TATCCAACTCTCTA-1,D
TATCGACTACTAGC-1,G
TATCGACTCGATAC-1,H
TATCGTACAGATGA-1,D
TATCGTACATTCCT-1,B
TATCTCGAGAGATA-1,F
TATCTGACAGGTTC-1,D
TATCTGACTGTTTC-1,D
TATCTTCTAAACAG-1,C
TATGAATGGAGGAC-1,D
TATGAATGTTTGCT-1,H
TATGCGGATAACCG-1,A
TATGGGTGCATCAG-1,G
TATGGGTGCTAGCA-1,E
TATGGTCTCTACCC-1,C
TATGTCACGGAACG-1,E
TATGTCACTAACCG-1,B
TATGTCACTTCTCA-1,E
TATGTGCTCCGATA-1,B
TATGTGCTGGATTC-1,C
TATTGCTGAAGAAC-1,B
TATTGCTGCCGTTC-1,E
TATTGCTGTCTGGA-1,C
TATTGCTGTGCACA-1,D
TATTTCCTATTGGC-1,B
TATTTCCTGGAGGT-1,G
TATTTCCTGGTGTT-1,C
TCAACACTGTTTGG-1,G
TCAAGGACAGCGTT-1,C
TCAAGGACATTCTC-1,D
TCAAGGACGGTGTT-1,B
TCAATCACACTCTT-1,D
TCAATCACAGTCGT-1,H
TCACAACTATGTGC-1,A
TCACAACTTTGCTT-1,B
TCACATACACTTTC-1,D
TCACATACAGGGTG-1,C
TCACCCGAGACGGA-1,B
TCACCGTGCTCGCT-1,H
TCACCTCTACGACT-1,D
TCACCTCTTCCAAG-1,H
TCACGAGAGGAGGT-1,E
TCACTATGGGGCAA-1,D
TCACTATGGTTGTG-1,E
TCAGACGACGCTAA-1,A
TCAGACGACGTTAG-1,G
TCAGAGACTCCAGA-1,F
TCAGCAGACTCCAC-1,A
TCAGCGCTCTAGTG-1,D
TCAGCGCTGGATCT-1,E
TCAGCGCTGGTATC-1,D
TCAGGATGAAGTAG-1,F
TCAGGATGCCTTTA-1,H
TCAGTGGAAGATCC-1,D
TCAGTTACCTACGA-1,B
TCAGTTACTAGAAG-1,A
TCATCAACCCGATA-1,C
TCATCAACTGTTCT-1,B
TCATCATGCAGTTG-1,C
TCATCCCTTACTGG-1,A
TCATTCGATACAGC-1,H
TCCACGTGGAAACA-1,C
TCCACTCTACACTG-1,A
TCCACTCTGAGCTT-1,B
TCCACTCTTACTTC-1,E
TCCATAACAAAGTG-1,C
TCCATAACCGTAGT-1,E
TCCATAACGATGAA-1,A
TCCATAACTACGCA-1,C
TCCATCCTCCCTAC-1,D
TCCCACGATCATTC-1,A
TCCCATCTCAAAGA-1,B
TCCCGAACACAGTC-1,G
TCCCGAACTTCGCC-1,H
TCCCGATGAGATCC-1,A
TCCCGATGCCTGAA-1,B
TCCCGATGCTGTGA-1,A
TCCCTACTCAACTG-1,E
TCCGAAGACAATCG-1,B
TCCGAAGACGTTAG-1,A
TCCGGACTGAGGTG-1,A
TCCGGACTGTACGT-1,D
TCCTAAACATCGAC-1,D
TCCTAAACCGAGAG-1,A
TCCTAAACCGCATA-1,G
TCCTAATGGTTTGG-1,D
TCCTACCTGTCGTA-1,A
TCCTATGAAAAGCA-1,D
TCGAATCTCTGGTA-1,D
TCGACCTGCCGATA-1,H
TCGACGCTTCTATC-1,B
TCGACGCTTTGACG-1,A
TCGAGAACGACAGG-1,D
TCGAGAACGTTAGC-1,J
TCGAGCCTATCAGC-1,E
TCGAGCCTGCGAGA-1,D
TCGAGCCTTGTGAC-1,C
TCGATACTATTCCT-1,D
TCGATACTTGCACA-1,A
TCGATTTGATGCCA-1,B
TCGATTTGCACTCC-1,F
TCGATTTGCAGCTA-1,G
TCGATTTGCCTACC-1,B
TCGATTTGTCGTGA-1,E
TCGCACACCATCAG-1,B
TCGCAGCTAGATCC-1,D
TCGCCATGAGACTC-1,C
TCGCCATGTGGTCA-1,E
TCGGACCTAACAGA-1,C
TCGGACCTATAAGG-1,E
TCGGACCTGTACAC-1,A
TCGGTAGAGTAGGG-1,C
TCGGTAGATCCCAC-1,E
TCGTAGGATCGACA-1,A
TCGTGAGAACTGTG-1,E
TCGTTATGGACAAA-1,D
TCTAACACCAGTTG-1,G
TCTAACACGAGCAG-1,I
TCTAACTGAACCAC-1,A
TCTAAGCTAATGCC-1,F
TCTAAGCTTAGTCG-1,D
TCTAAGCTTCTAGG-1,H
TCTAAGCTTGTTCT-1,B
TCTAAGCTTTCGCC-1,E
TCTACAACGACTAC-1,B
TCTAGACTTAGAAG-1,B
TCTAGTTGCACCAA-1,B
TCTATGTGAAGAGT-1,B
TCTATGTGAGTCTG-1,D
TCTCAAACCTAAGC-1,E
TCTCTAGAATTTCC-1,A
TCTGATACACGTGT-1,C
TCTGATACTCGCCT-1,C
TCTTACGAACCTGA-1,B
TCTTCAGAGCTACA-1,B
TCTTGATGCGGAGA-1,D
TGAAATTGGTGAGG-1,B
TGAACCGAAAACGA-1,F
TGAACCGACTACTT-1,H
TGAACCGATTCGGA-1,H
TGAAGCACTCACGA-1,D
TGAAGCTGAACGAA-1,C
TGAAGCTGAGACTC-1,F
TGAAGCTGCATGGT-1,E
TGAAGCTGCGTAAC-1,C
TGAATAACCACTTT-1,C
TGAATAACTCCCAC-1,D
TGACACGACCTTAT-1,E
TGACCAGACAACCA-1,A
TGACCAGAGGATTC-1,C
TGACCGCTAAAAGC-1,A
TGACCGCTCTGCAA-1,F
TGACGATGCAAAGA-1,B
TGACGCCTGTACCA-1,J
TGACGCCTTTACTC-1,A
TGACTGGAAGAGAT-1,B
TGACTGGACCGTAA-1,A
TGACTGGACGCAAT-1,F
TGACTGGAGGACAG-1,E
TGACTGGATTCTCA-1,A
TGACTTACACACCA-1,A
TGACTTACAGTCTG-1,B
TGACTTTGCGCATA-1,C
TGACTTTGTTTGTC-1,A
TGAGACACAAGGTA-1,D
TGAGACACTCAAGC-1,D
TGAGACACTGTGCA-1,F
TGAGCTGAATGCTG-1,H
TGAGCTGACTGGAT-1,B
TGAGCTGAGCGAGA-1,F
TGAGCTGATGCTAG-1,B
TGAGGACTCTCATT-1,B
TGAGGACTTCATTC-1,A
TGAGGTACGAACCT-1,H
TGAGTCGAGTTACG-1,E
TGAGTGACTGAGCT-1,C
TGATAAACGAATCC-1,A
TGATAAACTCCGTC-1,G
TGATAAACTTTCAC-1,C
TGATACCTCACTAG-1,B
TGATACCTGTTGGT-1,A
TGATACCTTATGCG-1,C
TGATACCTTGAAGA-1,A
TGATATGAACCTTT-1,C
TGATCACTAGCATC-1,D
TGATCACTCTCGCT-1,C
TGATCACTTCTACT-1,E
TGATCGGACTGACA-1,H
TGATCGGAGGAGCA-1,E
TGATCGGATATGCG-1,H
TGATTAGACATTGG-1,A
TGATTAGATGACTG-1,E
TGATTAGATGCTAG-1,C
TGATTCACTATGCG-1,F
TGATTCACTGTCAG-1,E
TGATTCTGCCGAAT-1,A
TGATTCTGCTCTTA-1,A
TGCAAGTGAGAACA-1,D
TGCAAGTGGGTAGG-1,B
TGCAATCTTCAGGT-1,I
TGCACAGACGACAT-1,G
TGCCAAGAGCAGTT-1,H
TGCCAAGATCTCTA-1,A
TGCCACTGAACGTC-1,A
TGCCACTGCGATAC-1,G
TGCCAGCTTGGCAT-1,A
TGCCCAACAGCAAA-1,A
TGCCCAACCGCATA-1,H
TGCCGACTCTCCCA-1,E
TGCGAAACAGTCAC-1,E
TGCGAAACGTTGCA-1,E
TGCGATGAACGGTT-1,A
TGCGATGACCTCGT-1,C
TGCGATGACTAGTG-1,E
TGCGATGACTGCTC-1,E
TGCGATGACTTGCC-1,E
TGCGATGAGTGCTA-1,B
TGCGCACTCTTGAG-1,B
TGCGTAGAATAAGG-1,B
TGCGTAGACGGGAA-1,E
TGCGTAGATGGTCA-1,H
TGCTAGGAAACCGT-1,D
TGCTAGGATAGTCG-1,C
TGCTATACGGTTCA-1,B
TGCTATACTGCTGA-1,D
TGCTGAGAGAGCAG-1,G
TGCTGAGATTATCC-1,C
TGGAAAGACTCTCG-1,E
TGGAAAGAGCGATT-1,A
TGGAAAGAGGTCAT-1,H
TGGAAAGATATGGC-1,F
TGGAACACAAACAG-1,G
TGGAACACGCTAAC-1,D
TGGAAGCTCAGATC-1,F
TGGACCCTACACTG-1,B
TGGACCCTCATGGT-1,D
TGGACCCTGGTACT-1,B
TGGACTGAGTATGC-1,A
TGGAGACTATCAGC-1,B
TGGAGACTGAAACA-1,F
TGGAGACTTCAAGC-1,C
TGGAGACTTGACCA-1,D
TGGAGGGACGGAGA-1,B
TGGAGGGAGCTATG-1,D
TGGATCGATAAAGG-1,C
TGGATGTGACCTAG-1,E
TGGATGTGATGTCG-1,D
TGGATGTGTGAAGA-1,E
TGGATTCTCATACG-1,D
TGGCAATGCTTGTT-1,E
TGGCAATGGAGGGT-1,D
TGGCACCTTCACGA-1,D
TGGCACCTTCAGTG-1,B
TGGGTATGAAGAGT-1,A
TGGGTATGCACAAC-1,A
TGGGTATGGTACGT-1,E
TGGGTATGTTTGGG-1,B
TGGTAGACATGCCA-1,A
TGGTAGACCCTCAC-1,G
TGGTAGACCTGATG-1,A
TGGTAGTGCACTGA-1,B
TGGTATCTAAACAG-1,C
TGGTATCTCTTCCG-1,C
TGGTCAGACCCAAA-1,I
TGGTCAGACCGTTC-1,G
TGGTTACTGACGTT-1,B
TGGTTACTGTTCTT-1,C
TGTAACCTAGAGGC-1,A
TGTAACCTTGCCTC-1,B
TGTAATGACACAAC-1,G
TGTAATGAGGTAAA-1,G
TGTACTTGCTCTAT-1,H
TGTAGGTGCGAGAG-1,E
TGTAGGTGCTATGG-1,A
TGTAGGTGCTCTAT-1,I
TGTAGGTGTGCTGA-1,C
TGTAGTCTTCCAGA-1,I
TGTAGTCTTGCACA-1,D
TGTATCTGTTAGGC-1,A
TGTATGCTCATGGT-1,E
TGTATGCTGTAGGG-1,F
TGTATGCTTTCATC-1,F
TGTCAGGAATACCG-1,C
TGTCAGGAGATGAA-1,H
TGTCTAACCCCTTG-1,F
TGTGACGATTCTCA-1,D
TGTGAGACTGTCAG-1,H
TGTGAGACTTGAGC-1,A
TGTGAGTGACCACA-1,C
TGTGAGTGAGTGCT-1,H
TGTGAGTGGAGATA-1,D
TGTGATCTCTCTAT-1,E
TGTGATCTGACACT-1,D
TGTGGATGGCCAAT-1,E
TGTTAAGACAAAGA-1,B
TGTTAAGATAAGGA-1,B
TGTTAAGATTGGCA-1,B
TGTTACACCGCATA-1,H
TGTTACACGACTAC-1,H
TGTTACTGGCTACA-1,D
TGTTACTGTAGTCG-1,D
TTAACCACCGTAAC-1,A
TTAACCACTAAGGA-1,D
TTAACCACTCAGAC-1,D
TTACACACGTGTTG-1,F
TTACACACTCCTAT-1,C
TTACCATGAATCGC-1,B
TTACCATGGTTGAC-1,A
TTACCATGTGTCTT-1,D
TTACCATGTTGTGG-1,E
TTACGACTGAGAGC-1,A
TTACGACTTGACAC-1,B
TTACGTACGTTCAG-1,K
TTACTCGAACGTTG-1,J
TTACTCGAAGAATG-1,B
TTACTCGACGCAAT-1,I
TTACTCGAGGGTGA-1,A
TTACTCGATCTACT-1,G
TTAGAATGTGGTGT-1,C
TTAGAATGTGTAGC-1,F
TTAGACCTCCTACC-1,C
TTAGACCTCCTTTA-1,B
TTAGCTACAACCGT-1,F
TTAGCTACTGTCCC-1,H
TTAGCTACTTTCGT-1,A
TTAGGGACGCGAAG-1,D
TTAGGGTGCTGGAT-1,E
TTAGGGTGTCCTGC-1,B
TTAGGTCTACTTTC-1,B
TTAGTCACCAGTTG-1,A
TTAGTCTGAAAGCA-1,E
TTAGTCTGCCAACA-1,G
TTAGTCTGTGCACA-1,A
TTATCCGACTAGTG-1,E
TTATCCGAGAAAGT-1,B
TTATGAGAGATAAG-1,D
TTATGCACGTCACA-1,E
TTATGGCTTATGGC-1,I
TTATTCCTATGCTG-1,B
TTATTCCTGGACAG-1,E
TTATTCCTGGTACT-1,E
TTATTCCTTCGTGA-1,A
TTCAAAGATAAAGG-1,D
TTCAACACAACAGA-1,A
TTCAACACCCCAAA-1,B
TTCAACACGGACGA-1,H
TTCAAGCTAAGAAC-1,B
TTCAAGCTAGATGA-1,A
TTCAAGCTGTTGAC-1,A
TTCAAGCTTCCAAG-1,F
TTCAAGCTTGATGC-1,F
TTCAAGCTTTCGCC-1,C
TTCACAACCCGTTC-1,B
TTCACAACGTCTGA-1,B
TTCAGACTACCCAA-1,F
TTCAGACTCTCGAA-1,A
TTCAGTACCGACTA-1,A
TTCAGTACTCAAGC-1,A
TTCAGTACTCCTAT-1,B
TTCAGTTGCCAAGT-1,A
TTCAGTTGTCCTTA-1,I
TTCAGTTGTCTAGG-1,D
TTCAGTTGTCTCGC-1,E
TTCATCGAGGTGGA-1,B
TTCATGTGTGGTGT-1,A
TTCATTCTATGTCG-1,B
TTCATTCTTCTCTA-1,F
TTCCAAACCTATGG-1,B
TTCCAAACCTCCCA-1,E
TTCCAAACTCCCAC-1,G
TTCCAAACTTGACG-1,D
TTCCATGACGAGAG-1,B
TTCCATGACTGTCC-1,F
TTCCCACTTGAGGG-1,G
TTCCCACTTGTCTT-1,B
TTCCTAGAAAGTGA-1,C
TTCCTAGACTAGTG-1,H
TTCGAGGACTCTAT-1,A
TTCGAGGAGGGCAA-1,A
TTCGAGGATAGAAG-1,H
TTCGATTGAGCATC-1,A
TTCGGAGAATGCCA-1,B
TTCGGAGATGTGCA-1,C
TTCGTATGAAAAGC-1,D
TTCGTATGGATAGA-1,D
TTCGTATGGTCTGA-1,C
TTCGTATGTCCTTA-1,B
TTCTACGAACGTAC-1,C
TTCTACGAGTTGGT-1,A
TTCTAGTGACACGT-1,A
TTCTAGTGCATGAC-1,B
TTCTAGTGGAGAGC-1,G
TTCTAGTGGTCACA-1,B
TTCTCAGAAGAGAT-1,A
TTCTCAGAAGCATC-1,E
TTCTCAGATGGAGG-1,A
TTCTGATGGAGACG-1,G
TTCTTACTCTGGAT-1,H
TTGAACCTCCTTGC-1,E
TTGAATGAACTACG-1,H
TTGAATGACTTACT-1,C
TTGAATGATCTCAT-1,E
TTGACACTCTGTAG-1,D
TTGACACTGATAAG-1,E
TTGAGGACAGAACA-1,B
TTGAGGACTACGCA-1,I
TTGAGGTGGACGGA-1,C
TTGCATTGAGCTAC-1,D
TTGCATTGCTAAGC-1,B
TTGCATTGTGACTG-1,A
TTGCTAACACCAAC-1,D
TTGCTAACACGCTA-1,H
TTGCTAACCACTCC-1,C
TTGCTATGGTACGT-1,B
TTGCTATGGTAGGG-1,H
TTGGAGACCAATCG-1,A
TTGGAGACGCTATG-1,B
TTGGAGACTATGGC-1,E
TTGGGAACTGAACC-1,C
TTGGTACTACTGGT-1,B
TTGGTACTCTTAGG-1,C
TTGGTACTGAATCC-1,E
TTGGTACTGGATTC-1,E
TTGTACACGTTGTG-1,E
TTGTACACTTGCAG-1,A
TTGTAGCTAGCTCA-1,A
TTGTAGCTCTCTTA-1,E
TTGTCATGGACGGA-1,G
TTTAGAGATCCTCG-1,E
TTTAGCTGATACCG-1,C
TTTAGCTGGATACC-1,B
TTTAGCTGTACTCT-1,I
TTTAGGCTCCTTTA-1,B
TTTATCCTGTTGTG-1,B
TTTCACGAGGTTCA-1,C
TTTCAGTGGAAGGC-1,D
TTTCAGTGTCACGA-1,E
TTTCAGTGTCTATC-1,B
TTTCAGTGTGCAGT-1,E
TTTCCAGAGGTGAG-1,A
TTTCGAACACCTGA-1,I
TTTCGAACTCTCAT-1,B
TTTCTACTGAGGCA-1,I
TTTCTACTTCCTCG-1,E
TTTGCATGAGAGGC-1,E
TTTGCATGCCTCAC-1,C